FL_DATE,AIRLINE,DEST_CITY,DEP_TIME,TAXI_OUT,TAXI_IN,ARR_TIME,ARR_DELAY,CANCELLATION_CODE,ELAPSED_TIME,AIR_TIME,DELAY_DUE_CARRIER,DELAY_DUE_WEATHER,DELAY_DUE_LATE_AIRCRAFT
6/3/2023,Delta Air Lines Inc.,"San Francisco, CA",1608,27,9,1853,24,,285,249,0,8,215
23-02-2020,Spirit Air Lines,"Dallas/Fort Worth, TX",1838,15,14,2040,-1,,182,153,,,
31-07-2019,Southwest Airlines Co.,"Oklahoma City, OK",1237,15,3,1331,141,,54,36,141,0,0
11/6/2023,American Airlines Inc.,"Boston, MA",1001,23,8,1130,-29,,89,58,,,
8/7/2019,Republic Airline,"Washington, DC",1637,22,41,2008,23,,151,88,57,0,0
11/6/2021,Delta Air Lines Inc.,"Hartford, CT",1959,14,4,2212,60,,133,115,60,0,0
31-07-2020,American Airlines Inc.,"Dallas/Fort Worth, TX",1201,14,11,1357,-1,,176,151,,,
5/8/2021,Southwest Airlines Co.,"Nashville, TN",826,10,6,941,1,,75,59,,,
20-11-2019,Delta Air Lines Inc.,"Atlanta, GA",555,15,6,808,-32,,133,112,,,
7/4/2020,Southwest Airlines Co.,"Los Angeles, CA",,,,,,D,,,,,
1/5/2022,Southwest Airlines Co.,"Hartford, CT",1738,12,3,1846,6,,68,53,,,
1/7/2020,Delta Air Lines Inc.,"Atlanta, GA",1613,15,3,1948,-9,,215,197,,,
25-12-2021,Southwest Airlines Co.,"New Orleans, LA",1428,9,3,1536,-24,,68,56,,,
24-03-2019,Spirit Air Lines,"Houston, TX",1526,14,15,1845,-13,,139,110,,,
17-03-2019,United Air Lines Inc.,"Chicago, IL",1611,31,12,1850,35,,219,176,0,0,0
5/5/2022,JetBlue Airways,"Charleston, SC",800,17,3,946,-26,,106,86,,,
27-01-2019,Spirit Air Lines,"Atlantic City, NJ",1443,28,5,1711,11,,148,115,,,
12/11/2022,Delta Air Lines Inc.,"Minneapolis, MN",720,10,5,736,-30,,76,61,,,
6/9/2022,American Airlines Inc.,"Pensacola, FL",830,19,4,1020,6,,110,87,,,
25-05-2021,PSA Airlines Inc.,"Raleigh/Durham, NC",906,30,4,1009,-20,,63,29,,,
23-04-2019,United Air Lines Inc.,"Washington, DC",1329,23,3,1615,-5,,106,80,,,
4/7/2021,Allegiant Air,"Spokane, WA",639,28,4,858,25,,139,107,0,0,0
3/4/2019,ExpressJet Airlines LLC d/b/a aha!,"Houston, TX",852,10,14,1028,-17,,96,72,,,
6/3/2022,JetBlue Airways,"Newark, NJ",2030,14,11,2320,-8,,170,145,,,
15-04-2023,Republic Airline,"Newark, NJ",714,55,33,1207,1124,,233,145,0,0,0
3/1/2023,Allegiant Air,"Sanford, FL",1531,12,18,1711,2,,100,70,,,
31-01-2019,American Airlines Inc.,"Reno, NV",1135,16,6,1247,-31,,192,170,,,
8/6/2021,American Airlines Inc.,"Albuquerque, NM",1316,14,8,1505,-11,,169,147,,,
21-06-2019,American Airlines Inc.,"Dallas/Fort Worth, TX",558,10,14,929,-11,,151,127,,,
28-12-2021,SkyWest Airlines Inc.,"Boise, ID",1835,16,3,2124,14,,229,210,,,
25-12-2019,Southwest Airlines Co.,"Kansas City, MO",1711,8,6,1841,-14,,90,76,,,
23-07-2023,United Air Lines Inc.,"Houston, TX",521,18,9,615,-2,,54,27,,,
18-07-2019,Southwest Airlines Co.,"Tampa, FL",2254,6,3,47,57,,113,104,57,0,0
2/11/2019,American Airlines Inc.,"Chicago, IL",1859,13,12,2110,-9,,131,106,,,
1/6/2021,SkyWest Airlines Inc.,"Billings, MT",1859,15,4,2052,-6,,173,154,,,
28-05-2022,Republic Airline,"Newark, NJ",555,18,6,706,-31,,71,47,,,
8/10/2022,American Airlines Inc.,"Tucson, AZ",820,18,5,837,-13,,137,114,,,
28-10-2020,Endeavor Air Inc.,"Detroit, MI",1740,11,14,1921,-11,,101,76,,,
1/1/2019,Delta Air Lines Inc.,"Daytona Beach, FL",935,12,3,1044,-11,,69,54,,,
28-12-2020,SkyWest Airlines Inc.,"Boise, ID",1823,17,3,2111,6,,108,88,,,
2/1/2022,Republic Airline,"Washington, DC",,,,,,B,,,,,
17-05-2022,Southwest Airlines Co.,"Manchester, NH",750,13,5,907,-8,,77,59,,,
4/3/2020,United Air Lines Inc.,"Denver, CO",1251,20,9,1621,-8,,150,121,,,
20-12-2021,SkyWest Airlines Inc.,"Denver, CO",608,11,10,749,-10,,101,80,,,
3/7/2023,JetBlue Airways,"New York, NY",1350,15,6,1455,-26,,65,44,,,
6/1/2020,Delta Air Lines Inc.,"Atlanta, GA",1035,15,4,1728,-12,,233,214,,,
26-02-2021,United Air Lines Inc.,"Denver, CO",526,11,7,839,-8,,133,115,,,
8/4/2023,Southwest Airlines Co.,"San Antonio, TX",2133,7,3,5,-10,,152,142,,,
12/6/2021,Delta Air Lines Inc.,"Atlanta, GA",1332,10,6,1528,-3,,116,100,,,
16-04-2019,Envoy Air,"Chicago, IL",1409,13,15,1410,-10,,61,33,,,
16-01-2023,SkyWest Airlines Inc.,"Salt Lake City, UT",1725,23,7,1909,2,,104,74,,,
7/1/2019,Southwest Airlines Co.,"Dallas, TX",1401,6,3,1455,0,,54,45,,,
25-05-2019,Republic Airline,"Newark, NJ",1416,11,9,1809,29,,173,153,0,0,16
20-11-2021,Alaska Airlines Inc.,"Los Angeles, CA",931,11,9,1156,-24,,145,125,,,
19-02-2021,Spirit Air Lines,"Orlando, FL",740,19,10,1011,6,,151,122,,,
7/8/2020,PSA Airlines Inc.,"Charlotte, NC",619,19,14,811,-2,,112,79,,,
7/1/2020,Alaska Airlines Inc.,"Seattle, WA",1924,12,6,2207,-8,,283,265,,,
27-02-2019,Southwest Airlines Co.,"Manchester, NH",2203,15,4,56,31,,113,94,31,0,0
27-11-2019,Frontier Airlines Inc.,"Tampa, FL",1856,14,8,2057,-13,,181,159,,,
11/2/2019,Southwest Airlines Co.,"San Diego, CA",1226,19,16,1404,74,,98,63,71,0,0
26-02-2020,JetBlue Airways,"Fort Myers, FL",1538,24,7,1949,29,,251,220,0,0,0
14-07-2022,Republic Airline,"Charleston, SC",1343,20,5,1528,-1,,105,80,,,
4/8/2019,Mesa Airlines Inc.,"El Paso, TX",1226,22,2,1441,-7,,75,51,,,
5/3/2019,American Airlines Inc.,"San Diego, CA",1315,12,5,1538,-7,,263,246,,,
6/4/2023,JetBlue Airways,"New York, NY",1007,48,9,1318,14,,191,134,,,
3/7/2020,Delta Air Lines Inc.,"Minneapolis, MN",1346,21,4,1711,1,,145,120,,,
13-05-2019,Delta Air Lines Inc.,"New York, NY",600,11,19,716,-4,,76,46,,,
4/4/2019,Republic Airline,"Philadelphia, PA",557,14,5,727,-8,,90,71,,,
2/4/2021,Frontier Airlines Inc.,"Denver, CO",1310,12,12,1351,-27,,161,137,,,
29-03-2019,United Air Lines Inc.,"San Antonio, TX",1955,17,3,2051,-12,,56,36,,,
12/9/2019,Endeavor Air Inc.,"Portland, ME",1745,24,3,1900,-18,,75,48,,,
26-06-2021,Alaska Airlines Inc.,"Chicago, IL",1055,16,7,1659,17,,244,221,0,0,17
30-05-2022,American Airlines Inc.,"Dallas/Fort Worth, TX",1426,13,12,1533,-21,,67,42,,,
11/11/2022,American Airlines Inc.,"San Diego, CA",1848,21,3,2123,0,,335,311,,,
17-03-2020,Envoy Air,"Dallas/Fort Worth, TX",1658,32,20,1830,85,,92,40,0,0,52
20-04-2020,Southwest Airlines Co.,"Atlanta, GA",,,,,,D,,,,,
31-07-2022,Envoy Air,"San Luis Obispo, CA",1918,17,5,2034,1,,196,174,,,
25-02-2020,Republic Airline,"New York, NY",1051,16,13,1235,-15,,104,75,,,
20-02-2019,American Airlines Inc.,"Kona, HI",827,18,5,1201,-27,,334,311,,,
16-08-2020,Delta Air Lines Inc.,"Atlanta, GA",1046,10,4,1206,-14,,80,66,,,
25-02-2021,American Airlines Inc.,"Denver, CO",2004,24,8,2157,-14,,113,81,,,
25-10-2021,PSA Airlines Inc.,"Greer, SC",926,41,3,1027,-2,,61,17,,,
1/2/2023,Southwest Airlines Co.,"Las Vegas, NV",1444,10,8,1525,10,,101,83,,,
21-03-2023,Endeavor Air Inc.,"Valdosta, GA",1529,15,5,1627,-11,,58,38,,,
8/4/2019,American Airlines Inc.,"Miami, FL",606,14,4,700,-17,,54,36,,,
27-03-2021,Envoy Air,"Dallas/Fort Worth, TX",1740,8,9,1904,-23,,84,67,,,
2/12/2021,Delta Air Lines Inc.,"Kansas City, MO",2100,13,5,15,-14,,135,117,,,
13-01-2019,United Air Lines Inc.,"Minneapolis, MN",1941,24,4,2105,-4,,84,56,,,
15-03-2019,Southwest Airlines Co.,"Las Vegas, NV",1129,7,9,1323,-7,,234,218,,,
14-04-2022,SkyWest Airlines Inc.,"Milwaukee, WI",1941,29,5,2059,9,,78,44,,,
25-10-2021,American Airlines Inc.,"Newark, NJ",743,29,8,937,-8,,114,77,,,
22-06-2023,Southwest Airlines Co.,"Orlando, FL",506,15,6,750,-10,,104,83,,,
1/12/2019,Delta Air Lines Inc.,"New York, NY",823,25,7,1055,20,,152,120,20,0,0
1/7/2019,Spirit Air Lines,"Las Vegas, NV",1452,10,10,1635,-26,,283,263,,,
14-03-2022,SkyWest Airlines Inc.,"Minneapolis, MN",1358,17,4,1700,0,,122,101,,,
30-03-2019,Allegiant Air,"Palm Springs, CA",715,8,4,945,-33,,150,138,,,
7/2/2019,Delta Air Lines Inc.,"Atlanta, GA",1236,20,5,1347,-21,,71,46,,,
5/10/2019,American Airlines Inc.,"Charlotte, NC",630,13,8,739,-31,,69,48,,,
29-12-2021,Delta Air Lines Inc.,"Atlanta, GA",1305,13,10,1558,18,,113,90,0,0,18
7/6/2019,Delta Air Lines Inc.,"San Diego, CA",826,14,3,942,-35,,256,239,,,
14-10-2022,American Airlines Inc.,"Los Angeles, CA",1851,19,5,2105,0,,254,230,,,
27-11-2022,Southwest Airlines Co.,"Oakland, CA",1558,12,5,1654,-1,,116,99,,,
13-05-2019,Delta Air Lines Inc.,"Atlanta, GA",520,12,7,631,-7,,71,52,,,
25-01-2021,Endeavor Air Inc.,"Birmingham, AL",1349,11,3,1336,-10,,47,33,,,
8/9/2019,SkyWest Airlines Inc.,"Portland, OR",1500,33,7,1710,0,,250,210,,,
5/8/2023,JetBlue Airways,"Orlando, FL",1046,16,12,1318,-32,,152,124,,,
10/10/2022,American Airlines Inc.,"Orlando, FL",657,16,7,924,-11,,147,124,,,
16-05-2020,United Air Lines Inc.,"Newark, NJ",1311,13,6,2103,-31,,292,273,,,
9/11/2022,Southwest Airlines Co.,"Dallas, TX",1254,15,4,1536,1,,102,83,,,
16-08-2019,American Airlines Inc.,"San Francisco, CA",1048,34,7,1248,1,,240,199,,,
30-01-2023,Spirit Air Lines,"Los Angeles, CA",2023,82,7,2248,280,,265,176,0,8,215
1/10/2019,SkyWest Airlines Inc.,"Medford, OR",1844,14,5,2041,-17,,117,98,,,
16-12-2020,Southwest Airlines Co.,"Denver, CO",1107,15,6,1253,-2,,166,145,,,
19-05-2023,Delta Air Lines Inc.,"Atlanta, GA",55,9,7,536,-15,,161,145,,,
5/1/2022,Delta Air Lines Inc.,"Raleigh/Durham, NC",1959,48,7,2352,30,,173,118,0,0,19
12/3/2022,American Airlines Inc.,"New York, NY",556,20,13,1438,18,,342,309,0,0,0
17-08-2020,Republic Airline,"Detroit, MI",1801,8,13,1914,-14,,73,52,,,
15-10-2021,Envoy Air,"Chicago, IL",1646,11,8,1749,-30,,123,104,,,
20-03-2022,Envoy Air,"Mission/McAllen/Edinburg, TX",1225,15,5,1354,-14,,89,69,,,
15-12-2020,PSA Airlines Inc.,"Valparaiso, FL",1123,21,6,1210,-10,,107,80,,,
9/7/2022,JetBlue Airways,"Tampa, FL",1921,26,7,2221,110,,180,147,110,0,0
4/2/2019,Republic Airline,"Washington, DC",856,30,15,1027,-3,,91,46,,,
5/3/2022,American Airlines Inc.,"Norfolk, VA",1816,13,4,1921,-15,,65,48,,,
19-06-2023,United Air Lines Inc.,"Chicago, IL",1344,16,13,1500,22,,136,107,22,0,0
11/4/2021,Horizon Air,"Austin, TX",1907,13,14,2356,-2,,169,142,,,
28-06-2023,American Airlines Inc.,"Charlotte, NC",1354,20,11,2153,29,,299,268,1,0,28
12/9/2021,PSA Airlines Inc.,"Charlotte, NC",1245,17,23,1526,-2,,101,61,,,
4/1/2021,Southwest Airlines Co.,"Miami, FL",1036,7,11,1318,-12,,162,144,,,
13-10-2020,Southwest Airlines Co.,"Chicago, IL",637,9,4,805,-15,,148,135,,,
2/9/2019,Southwest Airlines Co.,"San Diego, CA",926,13,6,1049,-1,,83,64,,,
10/6/2022,Southwest Airlines Co.,"Los Angeles, CA",1413,12,4,1520,10,,67,51,,,
23-11-2021,Delta Air Lines Inc.,"Tampa, FL",1255,10,3,1516,-29,,141,128,,,
19-03-2021,SkyWest Airlines Inc.,"Los Angeles, CA",1649,52,9,1832,28,,163,102,0,0,28
5/9/2021,Southwest Airlines Co.,"Kona, HI",2019,13,3,2102,-13,,43,27,,,
30-03-2020,Delta Air Lines Inc.,"Atlanta, GA",1753,7,5,1933,-28,,100,88,,,
13-07-2020,American Airlines Inc.,"Philadelphia, PA",1519,13,4,1717,-17,,118,101,,,
2/3/2022,Mesa Airlines Inc.,"Phoenix, AZ",622,10,4,708,-15,,106,92,,,
9/2/2023,Southwest Airlines Co.,"Pittsburgh, PA",2217,13,3,2310,-20,,53,37,,,
7/3/2019,Delta Air Lines Inc.,"Dallas/Fort Worth, TX",1227,12,8,1343,-1,,136,116,,,
2/2/2019,Allegiant Air,"St. Petersburg, FL",1018,15,4,1248,-7,,150,131,,,
29-05-2022,SkyWest Airlines Inc.,"Omaha, NE",928,14,3,1230,-15,,122,105,,,
22-07-2021,Delta Air Lines Inc.,"Orlando, FL",1034,14,18,1839,-3,,305,273,,,
10/2/2020,Southwest Airlines Co.,"Burbank, CA",1721,14,2,1829,-16,,68,52,,,
23-07-2019,Southwest Airlines Co.,"Chicago, IL",1737,30,2,1925,35,,168,136,10,0,22
10/6/2019,Alaska Airlines Inc.,"Denver, CO",1543,29,6,1920,-10,,157,122,,,
13-09-2022,American Airlines Inc.,"Chicago, IL",1232,12,14,1343,95,,131,105,0,0,95
2/7/2023,SkyWest Airlines Inc.,"Washington, DC",1457,18,9,1608,-19,,71,44,,,
15-08-2022,PSA Airlines Inc.,"Washington, DC",1724,10,6,1830,-14,,66,50,,,
27-10-2022,SkyWest Airlines Inc.,"Cedar Rapids/Iowa City, IA",1353,20,4,1648,9,,115,91,,,
14-02-2020,SkyWest Airlines Inc.,"Palm Springs, CA",2109,16,3,2106,-19,,57,38,,,
2/5/2023,Southwest Airlines Co.,"Seattle, WA",1209,11,6,1330,-25,,141,124,,,
3/2/2019,Allegiant Air,"Bellingham, WA",1255,19,6,1530,33,,215,190,0,15,0
10/3/2020,SkyWest Airlines Inc.,"San Francisco, CA",1659,17,5,1756,-23,,117,95,,,
19-11-2021,Southwest Airlines Co.,"Chicago, IL",2022,11,6,2143,78,,81,64,78,0,0
23-02-2020,American Airlines Inc.,"Eagle, CO",1529,15,4,1645,44,,136,117,4,0,40
12/2/2023,Southwest Airlines Co.,"Albany, NY",2005,10,3,2228,-22,,143,130,,,
31-10-2021,SkyWest Airlines Inc.,"Denver, CO",1523,9,11,1742,-18,,259,239,,,
28-03-2023,Republic Airline,"Newark, NJ",653,11,31,842,-17,,109,67,,,
25-01-2019,Delta Air Lines Inc.,"Atlanta, GA",1700,11,7,1959,-21,,119,101,,,
18-04-2019,Southwest Airlines Co.,"Denver, CO",2020,7,6,2044,44,,144,131,10,0,34
3/12/2019,PSA Airlines Inc.,"New Bern/Morehead/Beaufort, NC",1954,12,2,2045,-17,,51,37,,,
22-12-2021,United Air Lines Inc.,"San Francisco, CA",911,33,6,1234,39,,383,344,38,0,1
31-05-2020,SkyWest Airlines Inc.,"Salt Lake City, UT",559,12,6,828,-13,,89,71,,,
1/11/2022,SkyWest Airlines Inc.,"Asheville, NC",2032,11,4,2301,0,,89,74,,,
19-05-2021,SkyWest Airlines Inc.,"Minneapolis, MN",814,9,5,847,-43,,93,79,,,
6/1/2023,Delta Air Lines Inc.,"Houston, TX",829,18,11,1127,-42,,238,209,,,
10/9/2019,SkyWest Airlines Inc.,"Detroit, MI",930,9,8,1008,-10,,38,21,,,
9/10/2021,American Airlines Inc.,"Dallas/Fort Worth, TX",1627,16,15,1749,-20,,142,111,,,
5/8/2020,Delta Air Lines Inc.,"Minneapolis, MN",624,15,2,1126,-10,,182,165,,,
17-08-2023,United Air Lines Inc.,"Seattle, WA",1059,27,8,1305,11,,126,91,,,
26-12-2019,Delta Air Lines Inc.,"Seattle, WA",1357,19,9,2143,-10,,346,318,,,
15-11-2022,Envoy Air,"Tampa, FL",1627,11,4,1907,-11,,100,85,,,
24-10-2020,Southwest Airlines Co.,"Atlanta, GA",1127,11,7,1608,-17,,161,143,,,
23-05-2022,American Airlines Inc.,"Phoenix, AZ",1614,12,3,1751,-24,,97,82,,,
28-10-2019,Envoy Air,"Dallas/Fort Worth, TX",752,8,8,840,-26,,48,32,,,
13-03-2023,JetBlue Airways,"Aguadilla, PR",856,26,11,1245,38,,229,192,3,0,35
28-02-2021,Endeavor Air Inc.,"Minneapolis, MN",1512,13,4,1638,-34,,86,69,,,
18-09-2022,American Airlines Inc.,"Charlotte, NC",1554,13,5,1719,-8,,85,67,,,
16-02-2020,Endeavor Air Inc.,"Mobile, AL",2224,52,5,2318,23,,114,57,0,0,0
17-06-2021,Horizon Air,"Boise, ID",1709,13,7,2002,-18,,113,93,,,
21-09-2022,Republic Airline,"New York, NY",756,15,17,911,-8,,75,43,,,
12/4/2020,United Air Lines Inc.,"Chicago, IL",1605,13,17,1816,-34,,191,161,,,
4/8/2020,United Air Lines Inc.,"Houston, TX",1324,11,7,1708,-29,,164,146,,,
1/12/2019,Southwest Airlines Co.,"Las Vegas, NV",2153,10,6,15,340,,322,306,0,0,333
26-11-2019,Delta Air Lines Inc.,"Dallas/Fort Worth, TX",1819,29,13,2149,13,,270,228,,,
20-01-2023,Envoy Air,"Chicago, IL",552,13,8,652,-21,,60,39,,,
31-12-2021,Alaska Airlines Inc.,"Los Angeles, CA",,,,,,A,,,,,
18-08-2022,Envoy Air,"Miami, FL",1640,24,6,1854,4,,134,104,,,
16-06-2022,Mesa Airlines Inc.,"Houston, TX",1147,11,4,1311,-22,,84,69,,,
1/5/2020,United Air Lines Inc.,"Denver, CO",1524,13,4,1839,-17,,135,118,,,
25-10-2021,Southwest Airlines Co.,"Phoenix, AZ",841,9,9,1028,13,,107,89,,,
3/5/2021,Republic Airline,"Indianapolis, IN",1827,12,4,1955,-27,,88,72,,,
7/4/2019,Southwest Airlines Co.,"Austin, TX",1606,12,4,1813,63,,127,111,25,0,1
11/5/2021,Southwest Airlines Co.,"Buffalo, NY",906,13,2,1134,-11,,148,133,,,
26-02-2020,Republic Airline,"New York, NY",1723,43,6,1943,23,,140,91,0,2,5
23-04-2022,Southwest Airlines Co.,"Las Vegas, NV",1225,11,7,1410,0,,105,87,,,
20-04-2022,Southwest Airlines Co.,"Dallas, TX",1910,10,5,2005,-15,,55,40,,,
16-02-2019,Republic Airline,"Louisville, KY",2151,20,11,29,-6,,158,127,,,
9/1/2019,SkyWest Airlines Inc.,"Atlanta, GA",542,27,5,645,-1,,63,31,,,
6/11/2020,PSA Airlines Inc.,"Charlotte, NC",1236,11,20,1449,-29,,133,102,,,
2/5/2022,SkyWest Airlines Inc.,"San Francisco, CA",2226,12,4,2338,-21,,72,56,,,
2/3/2021,SkyWest Airlines Inc.,"Detroit, MI",705,24,13,926,-4,,81,44,,,
24-09-2022,Spirit Air Lines,"Houston, TX",529,14,6,1047,-2,,198,178,,,
2/1/2021,Southwest Airlines Co.,"Fort Lauderdale, FL",1427,14,2,2005,35,,218,202,35,0,0
11/7/2020,American Airlines Inc.,"Charlotte, NC",831,15,7,1007,-29,,96,74,,,
19-07-2023,Endeavor Air Inc.,"New York, NY",1530,11,7,1852,-14,,142,124,,,
3/12/2022,American Airlines Inc.,"Dallas/Fort Worth, TX",826,17,18,1212,1,,286,251,,,
13-11-2021,Delta Air Lines Inc.,"Raleigh/Durham, NC",2101,14,7,2218,-4,,77,56,,,
11/5/2023,Spirit Air Lines,"Philadelphia, PA",1827,11,10,2101,-16,,154,133,,,
8/8/2022,JetBlue Airways,"San Juan, PR",808,16,8,1149,-13,,221,197,,,
19-07-2020,American Airlines Inc.,"Dallas/Fort Worth, TX",925,9,23,1116,3,,171,139,,,
9/10/2022,Delta Air Lines Inc.,"Atlanta, GA",1532,13,3,1638,-32,,66,50,,,
14-09-2019,Alaska Airlines Inc.,"Indianapolis, IN",1031,31,4,1731,16,,240,205,16,0,0
21-10-2021,United Air Lines Inc.,"San Francisco, CA",1147,10,6,1342,96,,115,99,0,0,0
25-04-2019,Alaska Airlines Inc.,"Seattle, WA",1922,14,17,2211,-14,,169,138,,,
3/7/2023,Spirit Air Lines,"Houston, TX",1748,13,11,1908,38,,140,116,38,0,0
23-08-2020,United Air Lines Inc.,"Chicago, IL",621,13,13,945,-11,,144,118,,,
21-09-2019,PSA Airlines Inc.,"Washington, DC",1558,18,6,1712,12,,74,50,,,
4/12/2022,Southwest Airlines Co.,"Denver, CO",2149,8,5,46,6,,117,104,,,
9/10/2021,American Airlines Inc.,"Charlotte, NC",1821,17,7,1939,-12,,78,54,,,
8/8/2021,Spirit Air Lines,"Orlando, FL",738,10,9,938,-11,,120,101,,,
23-09-2021,Hawaiian Airlines Inc.,"Honolulu, HI",2015,8,6,2050,-8,,35,21,,,
7/7/2019,Republic Airline,"Charleston, SC",651,17,9,849,-21,,118,92,,,
18-11-2020,PSA Airlines Inc.,"Grand Rapids, MI",2005,18,5,2154,-16,,109,86,,,
20-03-2023,Southwest Airlines Co.,"Chicago, IL",518,27,6,657,-3,,99,66,,,
24-06-2019,Southwest Airlines Co.,"Orlando, FL",1300,13,6,1635,-15,,155,136,,,
29-03-2021,American Airlines Inc.,"Miami, FL",821,16,17,1115,-5,,174,141,,,
11/12/2019,Southwest Airlines Co.,"San Antonio, TX",2155,9,3,2400,-25,,125,113,,,
31-12-2019,ExpressJet Airlines LLC d/b/a aha!,"Houston, TX",1556,10,7,1709,-16,,73,56,,,
22-06-2019,SkyWest Airlines Inc.,"Helena, MT",1108,18,2,1238,1,,90,70,,,
1/8/2021,American Airlines Inc.,"Dallas/Fort Worth, TX",1209,14,14,1324,-9,,135,107,,,
14-04-2020,Southwest Airlines Co.,"Houston, TX",,,,,,D,,,,,
2/3/2023,United Air Lines Inc.,"Los Angeles, CA",1640,23,7,1827,-2,,227,197,,,
7/4/2022,SkyWest Airlines Inc.,"Denver, CO",924,15,17,1009,-15,,105,73,,,
18-05-2022,Delta Air Lines Inc.,"Atlanta, GA",902,20,6,1025,30,,83,57,30,0,0
24-09-2019,Delta Air Lines Inc.,"Memphis, TN",1426,16,5,1622,-3,,116,95,,,
12/5/2021,SkyWest Airlines Inc.,"Denver, CO",1047,9,9,1203,-9,,76,58,,,
9/8/2021,Southwest Airlines Co.,"Santa Ana, CA",1232,9,4,1334,-11,,122,109,,,
28-10-2021,SkyWest Airlines Inc.,"Tucson, AZ",2011,25,5,2054,14,,163,133,,,
12/8/2020,Southwest Airlines Co.,"Baltimore, MD",1229,9,12,1337,-13,,68,47,,,
22-06-2022,Southwest Airlines Co.,"Long Beach, CA",1818,10,3,1942,37,,84,71,3,0,34
4/3/2022,SkyWest Airlines Inc.,"Chicago, IL",659,13,15,840,-2,,161,133,,,
6/6/2019,SkyWest Airlines Inc.,"Savannah, GA",553,20,8,903,-11,,130,102,,,
28-01-2020,SkyWest Airlines Inc.,"Medford, OR",1529,20,4,1706,2,,157,133,,,
21-01-2023,Delta Air Lines Inc.,"New York, NY",1145,15,7,1408,-9,,143,121,,,
15-08-2020,American Airlines Inc.,"San Francisco, CA",947,15,5,1213,-15,,266,246,,,
23-09-2020,Southwest Airlines Co.,"Dallas, TX",2045,8,2,2229,-16,,104,94,,,
21-11-2022,Frontier Airlines Inc.,"Orlando, FL",737,14,7,1306,-2,,209,188,,,
16-10-2020,SkyWest Airlines Inc.,"Grand Forks, ND",2048,9,3,2153,-13,,65,53,,,
10/8/2022,Southwest Airlines Co.,"Atlanta, GA",1825,7,11,2136,26,,131,113,12,0,3
3/9/2022,JetBlue Airways,"New York, NY",1855,26,7,2155,-4,,180,147,,,
1/1/2019,Southwest Airlines Co.,"Chicago, IL",,,,,,B,,,,,
11/5/2022,SkyWest Airlines Inc.,"Dallas/Fort Worth, TX",1520,13,21,1705,1,,105,71,,,
9/7/2019,Alaska Airlines Inc.,"Kona, HI",1725,13,5,2017,-23,,352,334,,,
18-09-2019,Alaska Airlines Inc.,"Seattle, WA",1211,21,9,1417,-28,,126,96,,,
2/12/2019,SkyWest Airlines Inc.,"San Francisco, CA",,,,,,B,,,,,
13-06-2021,Alaska Airlines Inc.,"Sacramento, CA",1754,15,4,1945,-1,,111,92,,,
25-11-2020,Southwest Airlines Co.,"Cincinnati, OH",900,15,4,1040,-5,,100,81,,,
1/6/2021,Southwest Airlines Co.,"Nashville, TN",1618,11,5,1729,-31,,131,115,,,
16-09-2019,Southwest Airlines Co.,"Las Vegas, NV",725,11,3,801,-4,,96,82,,,
31-10-2021,SkyWest Airlines Inc.,"Denver, CO",1130,21,9,1243,-1,,133,103,,,
27-09-2019,American Airlines Inc.,"Lihue, HI",1903,14,5,2131,67,,328,309,0,0,67
14-05-2022,Spirit Air Lines,"Baltimore, MD",1937,11,6,2146,-19,,129,112,,,
10/6/2019,SkyWest Airlines Inc.,"San Francisco, CA",814,15,34,932,-1,,78,29,,,
3/6/2021,SkyWest Airlines Inc.,"St. George, UT",1756,23,4,1938,110,,102,75,110,0,0
24-08-2020,Southwest Airlines Co.,"Dallas, TX",601,13,2,1038,-2,,157,142,,,
19-03-2023,Southwest Airlines Co.,"Baltimore, MD",1224,6,6,1336,-14,,72,60,,,
12/8/2020,United Air Lines Inc.,"Washington, DC",1406,19,28,1950,17,,224,177,0,0,0
17-08-2022,American Airlines Inc.,"Charlotte, NC",2029,21,6,2209,-7,,100,73,,,
15-02-2019,Endeavor Air Inc.,"Raleigh/Durham, NC",633,11,4,814,-14,,101,86,,,
19-05-2019,PSA Airlines Inc.,"Charlotte, NC",611,12,9,756,-6,,105,84,,,
27-09-2021,Southwest Airlines Co.,"Chicago, IL",1714,8,3,2224,-6,,190,179,,,
24-12-2022,Delta Air Lines Inc.,"Tallahassee, FL",1512,11,4,1605,-13,,53,38,,,
17-12-2020,American Airlines Inc.,"New York, NY",1046,20,9,1453,-22,,187,158,,,
25-05-2023,SkyWest Airlines Inc.,"Chicago, IL",550,11,16,701,-11,,71,44,,,
3/7/2020,American Airlines Inc.,"Boston, MA",1026,13,8,1507,-13,,221,200,,,
2/11/2021,Delta Air Lines Inc.,"San Diego, CA",1531,17,3,1656,-6,,265,245,,,
9/3/2023,American Airlines Inc.,"Austin, TX",1916,13,5,2122,28,,186,168,24,0,4
6/3/2023,Delta Air Lines Inc.,"Atlanta, GA",552,14,10,740,-22,,108,84,,,
19-06-2023,Southwest Airlines Co.,"Nashville, TN",632,13,5,1222,-13,,230,212,,,
14-11-2021,PSA Airlines Inc.,"Charlotte, NC",1515,14,8,1620,21,,65,43,1,0,20
22-10-2022,Southwest Airlines Co.,"Sacramento, CA",1903,9,4,2022,22,,79,66,7,0,15
29-01-2019,JetBlue Airways,"San Juan, PR",932,19,5,1316,-9,,164,140,,,
24-04-2022,United Air Lines Inc.,"San Francisco, CA",557,10,5,815,-18,,318,303,,,
24-11-2021,United Air Lines Inc.,"Omaha, NE",1543,15,3,1712,-8,,89,71,,,
22-04-2023,Southwest Airlines Co.,"Denver, CO",1237,13,7,1314,-6,,97,77,,,
5/6/2022,Spirit Air Lines,"New Orleans, LA",1631,12,5,1832,-9,,121,104,,,
21-02-2022,Southwest Airlines Co.,"Tampa, FL",1258,10,5,1523,-22,,145,130,,,
1/2/2019,Endeavor Air Inc.,"Cincinnati, OH",1929,14,4,2232,-15,,123,105,,,
27-07-2019,Southwest Airlines Co.,"Phoenix, AZ",1713,7,6,1825,-20,,252,239,,,
31-07-2019,Southwest Airlines Co.,"Baltimore, MD",2249,8,4,48,18,,119,107,0,0,18
26-04-2021,SkyWest Airlines Inc.,"Cincinnati, OH",1239,15,7,1443,-22,,64,42,,,
14-09-2020,Envoy Air,"Portland, ME",1818,38,3,2154,3,,156,115,,,
11/9/2022,American Airlines Inc.,"Savannah, GA",1238,10,5,1331,-10,,53,38,,,
28-02-2020,Delta Air Lines Inc.,"New Orleans, LA",723,13,4,750,-10,,87,70,,,
24-05-2022,Southwest Airlines Co.,"Chicago, IL",546,9,31,733,8,,167,127,,,
17-01-2023,JetBlue Airways,"Richmond, VA",1404,16,6,1553,1,,109,87,,,
5/11/2022,Spirit Air Lines,"New York, NY",1211,14,3,1459,0,,168,151,,,
13-08-2020,SkyWest Airlines Inc.,"San Diego, CA",819,8,2,923,-10,,64,54,,,
21-11-2021,American Airlines Inc.,"Los Angeles, CA",,,,,,A,,,,,
24-12-2019,American Airlines Inc.,"New York, NY",1747,10,4,1922,-19,,95,81,,,
14-10-2021,Alaska Airlines Inc.,"Cordova, AK",1218,17,4,1314,9,,56,35,,,
17-10-2020,Southwest Airlines Co.,"Atlanta, GA",718,8,10,839,-16,,81,63,,,
9/5/2023,American Airlines Inc.,"Miami, FL",1852,16,47,2034,114,,102,39,3,0,79
21-09-2020,Delta Air Lines Inc.,"Detroit, MI",930,12,8,1106,-32,,96,76,,,
13-07-2022,Southwest Airlines Co.,"Oakland, CA",1205,11,6,1312,-8,,67,50,,,
21-09-2021,American Airlines Inc.,"Fort Lauderdale, FL",2056,16,3,2247,-11,,111,92,,,
28-03-2020,American Airlines Inc.,"Houston, TX",,,,,,D,,,,,
17-12-2021,Allegiant Air,"Missoula, MT",1912,15,7,2234,54,,142,120,2,0,50
27-02-2023,American Airlines Inc.,"Dallas/Fort Worth, TX",1801,12,18,1923,-13,,142,112,,,
13-11-2019,United Air Lines Inc.,"Los Angeles, CA",1248,31,14,1427,1,,99,54,,,
13-07-2020,Endeavor Air Inc.,"Mobile, AL",1534,10,4,1540,-11,,66,52,,,
30-09-2019,American Airlines Inc.,"Charlotte, NC",1212,17,7,1941,21,,269,245,0,0,21
7/4/2022,United Air Lines Inc.,"Boston, MA",1157,16,7,1256,-9,,59,36,,,
29-03-2021,United Air Lines Inc.,"Fort Lauderdale, FL",1827,20,4,7,23,,220,196,3,0,20
4/3/2023,Delta Air Lines Inc.,"Atlanta, GA",917,13,6,1202,39,,165,146,0,39,0
12/4/2021,Delta Air Lines Inc.,"New York, NY",1746,9,32,1909,24,,83,42,24,0,0
17-01-2020,SkyWest Airlines Inc.,"Boise, ID",1440,24,2,1719,14,,99,73,,,
29-11-2019,Mesa Airlines Inc.,"Oklahoma City, OK",1814,30,3,1957,17,,103,70,17,0,0
5/8/2022,Delta Air Lines Inc.,"Atlanta, GA",657,10,5,736,-9,,39,24,,,
28-11-2020,Delta Air Lines Inc.,"Sarasota/Bradenton, FL",1943,10,4,2059,-11,,76,62,,,
21-10-2019,Southwest Airlines Co.,"Las Vegas, NV",1234,13,13,1348,-2,,74,48,,,
28-04-2022,Envoy Air,"Chicago, IL",1629,12,10,1730,-4,,61,39,,,
18-10-2021,Mesa Airlines Inc.,"Norfolk, VA",1209,13,3,1601,6,,172,156,,,
29-09-2019,Southwest Airlines Co.,"Boston, MA",1930,10,7,2255,-10,,145,128,,,
4/11/2022,Delta Air Lines Inc.,"Seattle, WA",1011,12,8,1218,-17,,127,107,,,
21-03-2019,SkyWest Airlines Inc.,"Santa Rosa, CA",2137,20,5,2307,32,,90,65,0,0,32
24-03-2021,United Air Lines Inc.,"Washington, DC",1433,13,5,1642,10,,129,111,,,
18-03-2023,American Airlines Inc.,"Tampa, FL",1155,54,13,1511,49,,196,129,0,0,0
3/12/2019,Southwest Airlines Co.,"Los Angeles, CA",1351,11,10,1511,1,,80,59,,,
8/8/2022,Spirit Air Lines,"Atlanta, GA",1434,22,7,2147,7,,253,224,,,
21-02-2022,Delta Air Lines Inc.,"Birmingham, AL",2259,14,7,2250,-1,,51,30,,,
8/4/2022,Envoy Air,"Wichita Falls, TX",846,21,9,944,-3,,58,28,,,
1/3/2022,Endeavor Air Inc.,"Mobile, AL",935,11,4,944,-15,,69,54,,,
17-05-2021,Southwest Airlines Co.,"Las Vegas, NV",557,7,5,705,-15,,68,56,,,
8/2/2020,SkyWest Airlines Inc.,"Minneapolis, MN",1042,22,2,1144,-23,,62,38,,,
28-07-2022,Southwest Airlines Co.,"Oklahoma City, OK",1616,15,4,1752,22,,96,77,6,0,0
28-04-2021,Mesa Airlines Inc.,"Houston, TX",625,15,8,849,6,,144,121,,,
11/10/2020,American Airlines Inc.,"Charlotte, NC",1721,10,6,1921,-3,,120,104,,,
26-03-2022,JetBlue Airways,"Newark, NJ",1957,16,4,2130,52,,93,73,7,0,45
27-06-2023,Republic Airline,"Nashville, TN",1519,15,10,1559,-4,,100,75,,,
26-07-2020,Republic Airline,"Philadelphia, PA",808,11,5,925,-24,,77,61,,,
23-07-2021,United Air Lines Inc.,"Houston, TX",1344,16,6,1901,8,,197,175,,,
8/10/2020,SkyWest Airlines Inc.,"Omaha, NE",1949,26,5,2126,-9,,97,66,,,
1/3/2021,Delta Air Lines Inc.,"New York, NY",847,11,6,1648,-12,,301,284,,,
21-05-2022,American Airlines Inc.,"Phoenix, AZ",2240,9,3,719,-6,,339,327,,,
6/4/2019,Delta Air Lines Inc.,"Key West, FL",1457,14,3,1640,-12,,103,86,,,
2/6/2022,Southwest Airlines Co.,"Fort Lauderdale, FL",1818,12,3,2042,47,,144,129,0,0,47
26-08-2022,Southwest Airlines Co.,"Dallas, TX",820,24,3,925,0,,125,98,,,
1/4/2021,SkyWest Airlines Inc.,"Portland, OR",843,18,5,1058,-15,,135,112,,,
3/2/2022,SkyWest Airlines Inc.,"Denver, CO",1151,9,10,1200,-28,,69,50,,,
4/4/2019,Delta Air Lines Inc.,"Philadelphia, PA",917,9,2,1057,-9,,100,89,,,
19-04-2022,Endeavor Air Inc.,"Burlington, VT",2207,24,5,2323,-9,,76,47,,,
18-01-2019,Delta Air Lines Inc.,"West Palm Beach/Palm Beach, FL",1401,12,4,1534,-4,,93,77,,,
6/5/2022,Allegiant Air,"Cincinnati, OH",1726,16,7,2019,34,,113,90,26,0,3
19-03-2021,SkyWest Airlines Inc.,"Chicago, IL",1650,12,9,1734,-5,,104,83,,,
24-06-2021,United Air Lines Inc.,"San Francisco, CA",1606,43,3,1748,35,,102,56,0,0,6
11/1/2023,Hawaiian Airlines Inc.,"Kahului, HI",854,10,18,1306,46,,372,344,32,14,0
4/12/2022,Southwest Airlines Co.,"New York, NY",1044,7,4,1342,-13,,118,107,,,
5/10/2021,Delta Air Lines Inc.,"Indianapolis, IN",1909,8,5,2034,104,,85,72,0,104,0
29-10-2021,American Airlines Inc.,"Miami, FL",2142,24,12,2257,28,,75,39,0,0,22
27-12-2019,Alaska Airlines Inc.,"New Orleans, LA",1722,15,3,2349,-10,,267,249,,,
9/6/2022,JetBlue Airways,"Miami, FL",,,,,,A,,,,,
31-12-2020,JetBlue Airways,"Boston, MA",1300,8,4,1504,-21,,124,112,,,
3/8/2019,SkyWest Airlines Inc.,"Albany, NY",1005,14,5,1127,-17,,82,63,,,
30-04-2022,JetBlue Airways,"Boston, MA",554,14,6,848,-9,,174,154,,,
15-12-2021,American Airlines Inc.,"Charlotte, NC",1712,15,9,1853,-26,,101,77,,,
4/4/2022,Southwest Airlines Co.,"San Francisco, CA",2250,14,3,18,23,,88,71,18,0,2
1/3/2020,Southwest Airlines Co.,"Oakland, CA",1611,16,5,1800,-15,,109,88,,,
8/11/2022,Southwest Airlines Co.,"Orlando, FL",1506,6,8,1822,-8,,136,122,,,
12/9/2019,Southwest Airlines Co.,"Dallas, TX",1833,11,3,2321,1,,168,154,,,
2/2/2020,Frontier Airlines Inc.,"Las Vegas, NV",550,28,8,744,0,,294,258,,,
22-04-2019,SkyWest Airlines Inc.,"San Francisco, CA",601,5,2,649,-11,,48,41,,,
19-05-2023,United Air Lines Inc.,"Denver, CO",1609,11,14,1929,-11,,140,115,,,
26-10-2020,Delta Air Lines Inc.,"Atlanta, GA",1242,12,7,1603,-7,,141,122,,,
29-10-2020,Southwest Airlines Co.,"Oakland, CA",841,8,6,947,-13,,66,52,,,
23-12-2022,Horizon Air,"Fairbanks, AK",620,15,2,728,19,,68,51,0,19,0
10/7/2021,American Airlines Inc.,"Dallas/Fort Worth, TX",2357,11,7,519,-23,,202,184,,,
2/4/2020,Mesa Airlines Inc.,"Charlotte, NC",,,,,,D,,,,,
13-09-2022,JetBlue Airways,"Pittsburgh, PA",913,18,4,1106,8,,113,91,,,
3/10/2019,ExpressJet Airlines LLC d/b/a aha!,"Newark, NJ",1742,131,12,2049,88,,187,44,0,0,0
10/10/2021,SkyWest Airlines Inc.,"Detroit, MI",1510,17,9,1721,39,,71,45,0,39,0
17-02-2019,Southwest Airlines Co.,"San Diego, CA",611,16,2,730,-15,,79,61,,,
17-12-2021,Envoy Air,"Abilene, TX",1648,18,4,1743,-7,,55,33,,,
19-12-2022,JetBlue Airways,"Dallas/Fort Worth, TX",1101,18,10,1435,26,,274,246,22,0,4
18-12-2021,Republic Airline,"New York, NY",1209,13,11,1323,4,,74,50,,,
23-09-2019,Southwest Airlines Co.,"St. Louis, MO",818,20,4,946,-4,,148,124,,,
14-09-2020,Southwest Airlines Co.,"Nashville, TN",1750,14,4,2258,-7,,188,170,,,
10/5/2021,SkyWest Airlines Inc.,"Denver, CO",1633,29,14,1752,3,,139,96,,,
19-01-2023,Spirit Air Lines,"Las Vegas, NV",559,58,7,759,19,,240,175,0,0,0
26-02-2023,SkyWest Airlines Inc.,"Dallas/Fort Worth, TX",603,20,12,721,-6,,78,46,,,
20-03-2022,Southwest Airlines Co.,"Denver, CO",1716,7,24,1849,4,,153,122,,,
27-06-2023,American Airlines Inc.,"Miami, FL",29,17,15,856,23,,327,295,23,0,0
2/4/2022,Delta Air Lines Inc.,"Minneapolis, MN",626,10,4,1145,-18,,199,185,,,
9/12/2020,United Air Lines Inc.,"San Francisco, CA",1845,30,11,2117,7,,272,231,,,
4/7/2023,Delta Air Lines Inc.,"Salt Lake City, UT",802,13,6,946,-19,,164,145,,,
29-12-2022,United Air Lines Inc.,"Newark, NJ",2015,49,9,109,63,,234,176,22,0,13
6/6/2022,United Air Lines Inc.,"Seattle, WA",911,19,7,1112,-8,,121,95,,,
4/10/2022,American Airlines Inc.,"Charlotte, NC",554,9,9,739,-16,,105,87,,,
7/7/2019,Southwest Airlines Co.,"Los Angeles, CA",1759,17,5,1935,-10,,276,254,,,
4/11/2022,Delta Air Lines Inc.,"Raleigh/Durham, NC",959,11,7,1143,-7,,104,86,,,
19-06-2022,United Air Lines Inc.,"Las Vegas, NV",2136,21,7,2346,-23,,310,282,,,
26-08-2023,Southwest Airlines Co.,"St. Louis, MO",1543,11,4,1713,-27,,150,135,,,
5/12/2019,Delta Air Lines Inc.,"Salt Lake City, UT",808,14,8,1017,-13,,249,227,,,
31-07-2019,Delta Air Lines Inc.,"Baltimore, MD",901,18,5,1233,-1,,152,129,,,
14-06-2019,Southwest Airlines Co.,"Kahului, HI",1007,14,4,1047,-13,,40,22,,,
23-01-2020,SkyWest Airlines Inc.,"Salt Lake City, UT",1007,16,7,1304,-1,,117,94,,,
19-07-2021,SkyWest Airlines Inc.,"Denver, CO",617,6,9,623,-28,,66,51,,,
15-11-2021,SkyWest Airlines Inc.,"Sacramento, CA",1331,14,6,1507,-9,,96,76,,,
12/6/2022,SkyWest Airlines Inc.,"Washington, DC",1607,22,10,1738,-3,,91,59,,,
7/7/2020,Delta Air Lines Inc.,"Atlanta, GA",1305,20,12,2033,-11,,268,236,,,
21-02-2020,Delta Air Lines Inc.,"Los Angeles, CA",1741,17,10,1945,-10,,304,277,,,
11/3/2020,JetBlue Airways,"Charlotte Amalie, VI",908,13,4,940,-20,,32,15,,,
3/7/2020,Southwest Airlines Co.,"Orlando, FL",1054,20,6,1156,-29,,62,36,,,
4/9/2019,Delta Air Lines Inc.,"Indianapolis, IN",1743,8,4,1857,-18,,74,62,,,
30-01-2019,United Air Lines Inc.,"Los Angeles, CA",1239,12,8,1352,-26,,133,113,,,
14-04-2020,SkyWest Airlines Inc.,"Seattle, WA",1655,11,4,1758,-5,,63,48,,,
23-12-2020,Southwest Airlines Co.,"Atlanta, GA",705,9,4,942,-18,,97,84,,,
13-08-2023,Spirit Air Lines,"Newark, NJ",1004,16,6,1427,84,,203,181,36,0,0
25-06-2019,Delta Air Lines Inc.,"Chicago, IL",1700,16,12,2104,-12,,184,156,,,
27-12-2020,SkyWest Airlines Inc.,"Hayden, CO",1358,37,1,1512,-1,,74,36,,,
17-03-2020,Endeavor Air Inc.,"Mobile, AL",1833,15,4,1844,13,,71,52,,,
28-06-2019,American Airlines Inc.,"New York, NY",1717,26,5,2110,71,,233,202,0,23,0
5/1/2023,Alaska Airlines Inc.,"Burbank, CA",922,26,6,1201,141,,159,127,137,0,0
5/12/2022,Southwest Airlines Co.,"Nashville, TN",535,12,5,648,-27,,73,56,,,
25-05-2023,Spirit Air Lines,"Newark, NJ",2052,33,10,2350,-1,,178,135,,,
15-02-2022,United Air Lines Inc.,"New Orleans, LA",1025,21,5,1239,-19,,194,168,,,
27-02-2020,United Air Lines Inc.,"Miami, FL",821,15,7,1111,-8,,170,148,,,
20-03-2022,JetBlue Airways,"New York, NY",1150,13,33,1450,21,,180,134,14,0,0
29-10-2022,Southwest Airlines Co.,"Oklahoma City, OK",827,12,3,932,-13,,125,110,,,
2/7/2019,Mesa Airlines Inc.,"Dallas/Fort Worth, TX",738,16,12,950,11,,132,104,,,
8/12/2019,Republic Airline,"Chicago, IL",1105,11,5,1117,-4,,72,56,,,
13-02-2023,American Airlines Inc.,"Miami, FL",2035,12,9,2216,-28,,161,140,,,
21-06-2023,Alaska Airlines Inc.,"Seattle, WA",244,15,4,657,-18,,193,174,,,
18-05-2023,Delta Air Lines Inc.,"Boston, MA",1036,18,7,1352,-1,,196,171,,,
1/8/2019,Southwest Airlines Co.,"Houston, TX",2124,16,5,2226,16,,62,41,3,0,13
13-01-2023,Southwest Airlines Co.,"Las Vegas, NV",821,9,4,919,-16,,178,165,,,
5/3/2019,Delta Air Lines Inc.,"New York, NY",801,15,12,1037,-13,,156,129,,,
31-08-2022,United Air Lines Inc.,"Houston, TX",718,17,6,838,-12,,140,117,,,
4/9/2022,Allegiant Air,"Cedar Rapids/Iowa City, IA",1550,9,5,2050,0,,180,166,,,
13-09-2022,Southwest Airlines Co.,"Bozeman, MT",2011,20,5,2152,17,,101,76,0,0,17
11/3/2022,Southwest Airlines Co.,"Phoenix, AZ",1002,15,5,1204,-6,,62,42,,,
6/4/2021,SkyWest Airlines Inc.,"Detroit, MI",1809,36,6,2322,36,,193,151,36,0,0
20-05-2021,Delta Air Lines Inc.,"Minneapolis, MN",1334,18,3,1825,-21,,171,150,,,
14-08-2019,American Airlines Inc.,"Dallas/Fort Worth, TX",1429,10,5,1912,-22,,163,148,,,
4/7/2023,Alaska Airlines Inc.,"Los Angeles, CA",1938,17,36,2114,12,,96,43,,,
10/12/2022,Delta Air Lines Inc.,"St. Louis, MO",739,27,6,921,5,,102,69,,,
9/4/2020,American Airlines Inc.,"Norfolk, VA",2014,12,5,2336,-50,,142,125,,,
27-12-2019,SkyWest Airlines Inc.,"Fort Smith, AR",1635,16,4,1735,-11,,60,40,,,
24-12-2019,SkyWest Airlines Inc.,"Chicago, IL",544,41,8,601,-6,,77,28,,,
15-07-2020,SkyWest Airlines Inc.,"Brainerd, MN",1300,14,3,1343,-7,,43,26,,,
23-03-2020,Delta Air Lines Inc.,"Detroit, MI",2347,10,7,453,-27,,186,169,,,
15-06-2020,United Air Lines Inc.,"Newark, NJ",835,16,6,1638,-9,,303,281,,,
1/3/2019,Envoy Air,"Chicago, IL",556,29,38,738,18,,102,35,0,0,0
14-02-2023,Republic Airline,"Pittsburgh, PA",2104,18,5,2324,-11,,80,57,,,
28-04-2019,Alaska Airlines Inc.,"Juneau, AK",802,10,5,929,-11,,87,72,,,
28-08-2019,SkyWest Airlines Inc.,"Roswell, NM",855,26,5,928,-20,,93,62,,,
13-12-2019,Delta Air Lines Inc.,"Charlotte, NC",656,30,7,903,-1,,127,90,,,
18-07-2022,SkyWest Airlines Inc.,"Minneapolis, MN",1806,16,8,1933,232,,87,63,0,232,0
27-02-2023,Frontier Airlines Inc.,"Dallas/Fort Worth, TX",1200,16,12,1457,-8,,117,89,,,
2/4/2023,Hawaiian Airlines Inc.,"Kahului, HI",934,18,5,1219,4,,345,322,,,
28-11-2021,Southwest Airlines Co.,"Sarasota/Bradenton, FL",912,8,4,1244,-31,,152,140,,,
8/5/2019,Alaska Airlines Inc.,"Seattle, WA",654,26,21,1016,21,,202,155,0,0,0
10/3/2020,Delta Air Lines Inc.,"New York, NY",1539,17,7,1725,-14,,106,82,,,
3/3/2022,Southwest Airlines Co.,"Philadelphia, PA",1317,9,4,1551,-14,,94,81,,,
4/4/2022,Endeavor Air Inc.,"New York, NY",1635,12,9,1954,33,,139,118,24,0,9
17-03-2019,Southwest Airlines Co.,"Austin, TX",759,12,4,1316,-9,,197,181,,,
15-03-2019,Southwest Airlines Co.,"Houston, TX",656,16,2,759,-11,,63,45,,,
27-03-2023,Frontier Airlines Inc.,"Orlando, FL",2033,16,24,17,21,,164,124,0,0,10
16-09-2021,Horizon Air,"Pasco/Kennewick/Richland, WA",2256,11,7,2350,0,,54,36,,,
12/3/2020,Delta Air Lines Inc.,"Atlanta, GA",512,9,9,718,-11,,66,48,,,
23-04-2023,Delta Air Lines Inc.,"Fort Myers, FL",1218,12,4,1344,-16,,86,70,,,
24-06-2020,American Airlines Inc.,"West Palm Beach/Palm Beach, FL",1625,12,5,2000,-18,,155,138,,,
31-10-2021,Spirit Air Lines,"Newark, NJ",2152,13,8,2334,-8,,102,81,,,
14-03-2019,Spirit Air Lines,"New York, NY",602,11,10,739,-1,,97,76,,,
16-08-2021,Endeavor Air Inc.,"Detroit, MI",713,19,32,927,6,,134,83,,,
3/3/2023,Envoy Air,"Chicago, IL",643,10,9,828,-17,,105,86,,,
7/4/2023,United Air Lines Inc.,"Norfolk, VA",2226,11,4,2319,-9,,53,38,,,
3/6/2021,Horizon Air,"Seattle, WA",742,24,10,859,7,,137,103,,,
2/10/2022,Envoy Air,"Chicago, IL",612,11,20,725,0,,73,42,,,
26-07-2022,Endeavor Air Inc.,"Cincinnati, OH",1946,28,5,2154,30,,128,95,30,0,0
18-09-2021,SkyWest Airlines Inc.,"Los Angeles, CA",1529,11,13,1743,-8,,134,110,,,
25-05-2019,Southwest Airlines Co.,"Nashville, TN",812,11,4,916,-19,,124,109,,,
10/10/2019,Southwest Airlines Co.,"Nashville, TN",1335,6,5,1325,0,,50,39,,,
28-11-2022,American Airlines Inc.,"Nashville, TN",1057,10,7,1231,-22,,94,77,,,
16-11-2019,Delta Air Lines Inc.,"Atlanta, GA",1745,11,9,2031,-12,,106,86,,,
11/6/2021,American Airlines Inc.,"Dallas/Fort Worth, TX",1149,10,11,1354,-6,,185,164,,,
11/12/2019,United Air Lines Inc.,"Philadelphia, PA",2059,26,5,2351,-8,,112,81,,,
24-02-2023,Hawaiian Airlines Inc.,"Honolulu, HI",1642,9,10,1732,-1,,50,31,,,
21-03-2020,SkyWest Airlines Inc.,"Detroit, MI",1750,17,8,1911,-27,,81,56,,,
14-01-2019,Spirit Air Lines,"Orlando, FL",1827,30,6,2207,-12,,160,124,,,
5/6/2019,Delta Air Lines Inc.,"Huntsville, AL",1848,10,4,1835,-10,,47,33,,,
27-05-2023,American Airlines Inc.,"Dallas/Fort Worth, TX",1103,11,5,1157,-27,,54,38,,,
11/5/2021,Southwest Airlines Co.,"Las Vegas, NV",1231,10,11,1333,-12,,62,41,,,
14-02-2021,Southwest Airlines Co.,"Denver, CO",1104,7,5,1414,-11,,130,118,,,
15-07-2022,American Airlines Inc.,"Chicago, IL",1924,26,24,2116,106,,172,122,2,0,104
14-10-2019,Southwest Airlines Co.,"Chicago, IL",715,8,8,942,-3,,147,131,,,
1/11/2021,SkyWest Airlines Inc.,"Corpus Christi, TX",1804,14,5,1901,-23,,57,38,,,
19-09-2022,SkyWest Airlines Inc.,"Salt Lake City, UT",1744,15,5,1925,-13,,101,81,,,
13-12-2020,Delta Air Lines Inc.,"Detroit, MI",2253,11,7,539,-14,,226,208,,,
23-12-2022,Frontier Airlines Inc.,"Orlando, FL",1108,33,14,1411,17,,183,136,0,0,0
15-03-2019,Endeavor Air Inc.,"New York, NY",2018,15,18,2239,250,,141,108,0,0,0
16-06-2019,Alaska Airlines Inc.,"Anchorage, AK",2332,21,5,200,75,,208,182,0,0,75
10/10/2021,Southwest Airlines Co.,"Washington, DC",1308,7,3,1542,-3,,94,84,,,
21-12-2019,American Airlines Inc.,"Nashville, TN",2322,14,6,514,9,,232,212,,,
25-07-2019,Endeavor Air Inc.,"Atlanta, GA",1439,21,8,1658,-16,,79,50,,,
12/8/2020,Delta Air Lines Inc.,"Atlanta, GA",1655,17,5,2008,13,,133,111,,,
3/3/2022,PSA Airlines Inc.,"Charlotte, NC",505,21,8,554,-16,,49,20,,,
19-12-2021,Southwest Airlines Co.,"Atlanta, GA",1811,9,5,2053,-2,,102,88,,,
24-04-2019,Southwest Airlines Co.,"Houston, TX",1251,20,5,1606,-9,,255,230,,,
26-10-2022,Southwest Airlines Co.,"Denver, CO",1130,22,9,1504,-6,,154,123,,,
28-05-2023,American Airlines Inc.,"Dallas/Fort Worth, TX",1849,12,5,1937,-4,,48,31,,,
24-04-2019,Delta Air Lines Inc.,"Atlanta, GA",1535,13,6,1853,-22,,138,119,,,
6/5/2021,Allegiant Air,"Sanford, FL",2153,8,9,2319,1,,86,69,,,
18-02-2021,SkyWest Airlines Inc.,"Aspen, CO",1739,16,3,1856,-13,,137,118,,,
30-09-2019,American Airlines Inc.,"Phoenix, AZ",2123,16,5,2327,-25,,304,283,,,
13-04-2019,JetBlue Airways,"Raleigh/Durham, NC",826,21,3,1004,40,,98,74,40,0,0
20-12-2022,Southwest Airlines Co.,"Baltimore, MD",950,11,5,1146,26,,116,100,19,0,7
20-06-2021,JetBlue Airways,"New York, NY",1359,15,11,2220,15,,321,295,15,0,0
21-07-2023,PSA Airlines Inc.,"Dallas/Fort Worth, TX",1218,24,20,1400,-4,,102,58,,,
28-05-2020,American Airlines Inc.,"Los Angeles, CA",1729,21,5,1948,-51,,319,293,,,
26-08-2020,SkyWest Airlines Inc.,"Kansas City, MO",1359,15,7,1449,-17,,110,88,,,
26-06-2021,Delta Air Lines Inc.,"Los Angeles, CA",1618,16,6,1811,6,,293,271,,,
15-02-2019,United Air Lines Inc.,"Indianapolis, IN",1128,41,8,1845,-9,,257,208,,,
18-08-2021,Southwest Airlines Co.,"Chicago, IL",1917,10,29,2057,57,,160,121,0,0,42
29-12-2021,American Airlines Inc.,"Norfolk, VA",2242,18,3,46,13,,124,103,,,
13-08-2021,Republic Airline,"Providence, RI",,,,,,C,,,,,
21-05-2019,American Airlines Inc.,"Greer, SC",1101,10,9,1409,31,,128,109,0,9,22
13-04-2021,JetBlue Airways,"New York, NY",601,19,11,714,1,,73,43,,,
1/11/2022,Alaska Airlines Inc.,"Seattle, WA",1902,22,8,2126,-27,,324,294,,,
4/1/2021,American Airlines Inc.,"Chicago, IL",543,36,19,740,7,,117,62,,,
30-11-2021,Delta Air Lines Inc.,"Las Vegas, NV",2126,13,27,2253,-4,,207,167,,,
14-08-2023,Republic Airline,"Pittsburgh, PA",2057,23,5,2226,-13,,89,61,,,
16-12-2021,United Air Lines Inc.,"Los Angeles, CA",1014,26,9,1158,-1,,224,189,,,
1/5/2020,Southwest Airlines Co.,"Lubbock, TX",,,,,,D,,,,,
21-07-2023,American Airlines Inc.,"Philadelphia, PA",1550,12,7,1735,-13,,105,86,,,
18-09-2022,Alaska Airlines Inc.,"Ketchikan, AK",657,12,4,750,-19,,53,37,,,
8/9/2021,Endeavor Air Inc.,"Cincinnati, OH",1224,14,4,1330,-5,,66,48,,,
24-03-2021,Frontier Airlines Inc.,"Austin, TX",1519,14,11,1828,-5,,129,104,,,
12/2/2022,SkyWest Airlines Inc.,"Savannah, GA",955,46,6,1534,10,,219,167,,,
9/2/2019,ExpressJet Airlines LLC d/b/a aha!,"Houston, TX",635,5,8,843,-12,,128,115,,,
14-10-2019,Delta Air Lines Inc.,"Phoenix, AZ",1123,11,4,1227,7,,244,229,,,
4/12/2020,SkyWest Airlines Inc.,"Salt Lake City, UT",1539,12,9,1640,-9,,61,40,,,
31-03-2020,Envoy Air,"Chicago, IL",,,,,,D,,,,,
16-10-2021,PSA Airlines Inc.,"Washington, DC",558,13,6,727,-10,,89,70,,,
10/8/2022,Southwest Airlines Co.,"Chicago, IL",706,9,5,917,-3,,131,117,,,
12/8/2021,PSA Airlines Inc.,"Valparaiso, FL",1721,21,21,1813,18,,112,70,0,0,11
7/3/2020,Delta Air Lines Inc.,"New York, NY",554,12,6,659,-18,,65,47,,,
6/5/2023,JetBlue Airways,"Boston, MA",2030,19,4,57,596,,207,184,437,0,159
23-07-2021,SkyWest Airlines Inc.,"Las Vegas, NV",1800,15,6,1907,17,,67,46,0,0,17
26-03-2021,SkyWest Airlines Inc.,"Boise, ID",1724,14,2,1824,-14,,60,44,,,
9/1/2021,SkyWest Airlines Inc.,"Los Angeles, CA",622,12,8,733,-19,,71,51,,,
4/8/2020,Spirit Air Lines,"New York, NY",823,11,10,1022,8,,119,98,,,
22-09-2022,Republic Airline,"Chicago, IL",1054,24,17,1258,59,,184,143,0,0,34
26-07-2020,Southwest Airlines Co.,"Lihue, HI",,,,,,B,,,,,
26-11-2019,Endeavor Air Inc.,"Columbia, SC",2141,14,6,2337,2,,116,96,,,
25-01-2020,Southwest Airlines Co.,"Houston, TX",1229,9,2,1312,-33,,43,32,,,
1/12/2021,United Air Lines Inc.,"Houston, TX",1404,17,9,1513,-5,,69,43,,,
1/3/2020,Delta Air Lines Inc.,"Washington, DC",801,21,3,1541,-24,,280,256,,,
13-07-2021,Southwest Airlines Co.,"Tampa, FL",1054,9,2,1349,-6,,175,164,,,
6/12/2021,United Air Lines Inc.,"Philadelphia, PA",2321,24,4,717,-35,,296,268,,,
30-03-2023,United Air Lines Inc.,"Santa Ana, CA",1046,24,11,1222,-13,,96,61,,,
12/8/2021,Horizon Air,"San Francisco, CA",1347,21,2,1503,-15,,76,53,,,
27-10-2020,Delta Air Lines Inc.,"Atlanta, GA",1141,15,8,1403,-7,,82,59,,,
12/4/2019,American Airlines Inc.,"Chicago, IL",921,35,24,1119,20,,118,59,0,0,0
1/3/2022,SkyWest Airlines Inc.,"Portland, OR",1258,21,6,1444,-21,,106,79,,,
23-03-2020,SkyWest Airlines Inc.,"Los Angeles, CA",,,,,,D,,,,,
16-06-2019,American Airlines Inc.,"Dallas/Fort Worth, TX",,,,,,B,,,,,
26-04-2019,Spirit Air Lines,"Baltimore, MD",2158,17,8,547,-14,,289,264,,,
24-10-2021,Endeavor Air Inc.,"Grand Forks, ND",856,11,3,959,-15,,63,49,,,
28-04-2021,Envoy Air,"Dallas/Fort Worth, TX",1048,19,11,1230,63,,102,72,0,0,24
26-02-2019,Southwest Airlines Co.,"Minneapolis, MN",1700,13,4,1843,38,,163,146,0,0,38
7/2/2022,Horizon Air,"Spokane, WA",2107,8,5,2212,4,,65,52,,,
27-10-2019,Spirit Air Lines,"Akron, OH",1019,15,6,1231,-13,,132,111,,,
31-10-2020,Republic Airline,"Newark, NJ",651,24,10,852,-7,,121,87,,,
15-04-2023,American Airlines Inc.,"Syracuse, NY",915,15,3,1055,-15,,100,82,,,
22-06-2021,Spirit Air Lines,"Hartford, CT",2125,21,4,19,30,,174,149,30,0,0
23-08-2021,Delta Air Lines Inc.,"Traverse City, MI",1208,9,5,1301,-18,,53,39,,,
18-07-2020,Southwest Airlines Co.,"New York, NY",1722,80,5,1,51,,279,194,0,0,0
28-02-2019,SkyWest Airlines Inc.,"New York, NY",1840,29,5,2151,3,,131,97,,,
26-05-2021,American Airlines Inc.,"Phoenix, AZ",657,10,14,848,-2,,111,87,,,
30-07-2023,Southwest Airlines Co.,"Baltimore, MD",1141,10,5,1442,-8,,121,106,,,
21-05-2019,Envoy Air,"Cincinnati, OH",838,18,4,1115,-4,,157,135,,,
8/4/2019,Delta Air Lines Inc.,"Philadelphia, PA",1344,12,4,1545,-8,,121,105,,,
12/10/2020,Delta Air Lines Inc.,"Minneapolis, MN",1551,14,4,1908,-17,,137,119,,,
29-06-2021,Southwest Airlines Co.,"Indianapolis, IN",1920,9,5,2232,22,,132,118,22,0,0
1/11/2022,JetBlue Airways,"Newark, NJ",1942,16,16,2101,-8,,79,47,,,
12/10/2019,Alaska Airlines Inc.,"Nome, AK",1009,10,3,1137,-18,,88,75,,,
20-03-2023,Delta Air Lines Inc.,"Daytona Beach, FL",2229,12,3,2335,-19,,66,51,,,
12/10/2022,Spirit Air Lines,"Minneapolis, MN",1506,21,5,1641,8,,155,129,,,
18-08-2020,Delta Air Lines Inc.,"Birmingham, AL",1633,15,3,1623,-7,,50,32,,,
14-06-2023,Southwest Airlines Co.,"Nashville, TN",1843,9,5,2334,9,,171,157,,,
14-04-2023,SkyWest Airlines Inc.,"Fresno, CA",1114,23,5,1202,-2,,108,80,,,
29-09-2020,PSA Airlines Inc.,"Dallas/Fort Worth, TX",1213,10,9,1401,33,,108,89,33,0,0
27-12-2021,Frontier Airlines Inc.,"Las Vegas, NV",2316,20,25,215,170,,359,314,16,0,107
24-03-2020,Delta Air Lines Inc.,"Atlanta, GA",,,,,,D,,,,,
14-09-2021,Southwest Airlines Co.,"Dallas, TX",646,14,13,918,-22,,212,185,,,
25-05-2019,Southwest Airlines Co.,"Oklahoma City, OK",1551,13,3,1749,-6,,178,162,,,
5/3/2019,American Airlines Inc.,"Orlando, FL",1659,15,14,1940,79,,161,132,64,0,12
2/11/2022,Delta Air Lines Inc.,"Atlanta, GA",1811,11,8,106,-9,,235,216,,,
1/5/2023,American Airlines Inc.,"Norfolk, VA",910,15,3,1013,-9,,63,45,,,
28-12-2020,Alaska Airlines Inc.,"Tampa, FL",2308,12,4,715,-15,,307,291,,,
1/4/2021,JetBlue Airways,"Sarasota/Bradenton, FL",1458,13,5,1822,167,,204,186,0,0,167
15-04-2022,American Airlines Inc.,"Santa Ana, CA",1716,10,4,1828,-1,,72,58,,,
15-02-2021,Delta Air Lines Inc.,"Valparaiso, FL",2225,15,4,2236,-2,,71,52,,,
16-04-2021,Delta Air Lines Inc.,"Dallas/Fort Worth, TX",1835,25,6,2013,50,,158,127,0,0,35
24-01-2020,SkyWest Airlines Inc.,"Oklahoma City, OK",1044,19,4,1322,-14,,98,75,,,
4/7/2019,PSA Airlines Inc.,"Washington, DC",1314,13,29,1744,78,,210,168,0,0,0
25-11-2019,American Airlines Inc.,"Phoenix, AZ",1541,27,4,1755,14,,134,103,,,
5/11/2019,Southwest Airlines Co.,"Kansas City, MO",1930,8,4,26,11,,176,164,,,
10/2/2022,Southwest Airlines Co.,"Atlanta, GA",1506,6,3,1652,-8,,46,37,,,
16-08-2022,Republic Airline,"Charlotte, NC",1812,23,15,1917,-8,,65,27,,,
14-12-2020,Frontier Airlines Inc.,"Orlando, FL",1716,23,14,2005,5,,169,132,,,
16-02-2023,American Airlines Inc.,"Charlotte, NC",753,53,8,1143,89,,170,109,0,53,0
18-03-2022,Southwest Airlines Co.,"Atlanta, GA",1226,25,10,1415,60,,109,74,0,0,13
25-08-2023,Envoy Air,"Tallahassee, FL",1857,26,4,2220,-1,,143,113,,,
29-11-2022,PSA Airlines Inc.,"Birmingham, AL",1121,29,4,1158,-7,,97,64,,,
18-07-2019,Southwest Airlines Co.,"Burbank, CA",1126,9,2,1228,-17,,62,51,,,
26-11-2021,Horizon Air,"Portland, OR",1522,16,3,1805,10,,163,144,,,
27-01-2023,American Airlines Inc.,"Miami, FL",553,13,6,720,-30,,147,128,,,
20-02-2022,American Airlines Inc.,"Key West, FL",1111,16,17,1424,-5,,193,160,,,
7/6/2019,American Airlines Inc.,"Phoenix, AZ",2215,10,9,654,-18,,339,320,,,
23-09-2022,Southwest Airlines Co.,"Nashville, TN",1003,12,6,1136,-19,,153,135,,,
11/2/2019,Southwest Airlines Co.,"Dallas, TX",1823,12,3,2304,4,,161,146,,,
28-02-2022,Delta Air Lines Inc.,"Fort Myers, FL",835,22,3,1258,43,,203,178,43,0,0
7/6/2021,Southwest Airlines Co.,"Atlanta, GA",1400,9,8,2043,3,,223,206,,,
22-02-2021,American Airlines Inc.,"Miami, FL",2040,18,4,10,-7,,150,128,,,
30-05-2020,American Airlines Inc.,"San Francisco, CA",1034,24,4,1211,-25,,217,189,,,
24-06-2022,Delta Air Lines Inc.,"Tampa, FL",1812,52,6,2059,116,,167,109,0,0,0
18-03-2020,Delta Air Lines Inc.,"Seattle, WA",1310,29,4,1617,13,,187,154,,,
6/8/2022,Southwest Airlines Co.,"San Jose, CA",1351,11,4,2131,-9,,280,265,,,
12/4/2021,Envoy Air,"Washington, DC",1218,10,3,1333,-17,,75,62,,,
14-04-2022,Southwest Airlines Co.,"El Paso, TX",1300,12,7,1357,12,,117,98,,,
4/9/2021,Southwest Airlines Co.,"Chicago, IL",1000,12,4,1220,5,,140,124,,,
12/7/2019,United Air Lines Inc.,"Anchorage, AK",1538,18,3,1916,-6,,398,377,,,
11/3/2022,Southwest Airlines Co.,"Phoenix, AZ",1836,12,44,2130,40,,114,58,0,0,0
18-02-2019,Republic Airline,"Indianapolis, IN",1152,13,14,1455,-19,,123,96,,,
8/2/2022,SkyWest Airlines Inc.,"Salt Lake City, UT",652,11,4,810,-37,,78,63,,,
8/5/2019,American Airlines Inc.,"Dallas/Fort Worth, TX",1331,18,42,1954,111,,263,203,0,0,93
30-05-2019,Endeavor Air Inc.,"New York, NY",707,16,9,927,-4,,140,115,,,
18-11-2019,United Air Lines Inc.,"Denver, CO",758,35,10,947,4,,169,124,,,
21-12-2022,SkyWest Airlines Inc.,"Los Angeles, CA",1851,18,7,2019,-17,,208,183,,,
13-01-2022,JetBlue Airways,"San Francisco, CA",2021,14,5,7,80,,406,387,80,0,0
12/5/2022,Southwest Airlines Co.,"St. Louis, MO",2202,8,3,2226,91,,84,73,66,0,25
10/6/2019,ExpressJet Airlines LLC d/b/a aha!,"Lincoln, NE",1730,24,4,1914,105,,104,76,0,0,105
29-09-2019,United Air Lines Inc.,"Honolulu, HI",1653,18,5,1919,-25,,326,303,,,
14-11-2019,Republic Airline,"Detroit, MI",652,9,10,839,-24,,107,88,,,
8/1/2020,Delta Air Lines Inc.,"Detroit, MI",925,20,9,1118,-24,,113,84,,,
31-05-2023,Endeavor Air Inc.,"Albany, NY",1558,21,3,1650,-22,,52,28,,,
19-03-2022,Delta Air Lines Inc.,"Minneapolis, MN",1452,13,13,1953,-15,,181,155,,,
8/6/2023,Allegiant Air,"Punta Gorda, FL",1054,10,5,1322,-15,,148,133,,,
22-11-2021,United Air Lines Inc.,"Nashville, TN",2132,21,6,2242,-27,,130,103,,,
30-09-2019,Southwest Airlines Co.,"Las Vegas, NV",1657,10,4,1759,-21,,62,48,,,
3/1/2022,SkyWest Airlines Inc.,"Los Angeles, CA",,,,,,C,,,,,
5/9/2022,Alaska Airlines Inc.,"New York, NY",2215,14,9,644,-17,,329,306,,,
1/4/2021,SkyWest Airlines Inc.,"Minneapolis, MN",1438,10,7,1700,-22,,82,65,,,
3/7/2019,Delta Air Lines Inc.,"Salt Lake City, UT",1323,19,5,1622,-4,,119,95,,,
7/1/2019,Southwest Airlines Co.,"Atlanta, GA",1929,10,5,2206,-19,,97,82,,,
29-12-2022,Delta Air Lines Inc.,"Salt Lake City, UT",607,15,5,850,-2,,103,83,,,
23-07-2022,American Airlines Inc.,"Los Angeles, CA",1925,18,13,2228,-16,,363,332,,,
20-07-2022,Southwest Airlines Co.,"Austin, TX",639,8,3,747,-8,,68,57,,,
19-04-2021,Alaska Airlines Inc.,"Seattle, WA",1808,14,7,2120,-13,,192,171,,,
4/6/2019,Envoy Air,"Cincinnati, OH",829,21,10,1033,-12,,124,93,,,
9/1/2020,American Airlines Inc.,"Chicago, IL",1747,14,20,1925,-13,,158,124,,,
21-10-2022,Southwest Airlines Co.,"Fresno, CA",859,19,3,1011,-4,,72,50,,,
14-08-2019,Republic Airline,"Columbus, OH",1526,28,6,1708,1,,102,68,,,
7/2/2021,PSA Airlines Inc.,"Charlotte, NC",1108,15,11,1216,-18,,68,42,,,
8/12/2019,SkyWest Airlines Inc.,"Sacramento, CA",832,50,6,951,4,,139,83,,,
18-05-2023,United Air Lines Inc.,"Washington, DC",1331,27,5,1620,5,,109,77,,,
24-09-2021,Southwest Airlines Co.,"Lihue, HI",730,19,6,1010,-30,,340,315,,,
10/10/2021,SkyWest Airlines Inc.,"Sacramento, CA",1742,12,12,1911,27,,89,65,0,27,0
13-06-2023,American Airlines Inc.,"Philadelphia, PA",1606,10,3,1707,-10,,61,48,,,
29-04-2021,Southwest Airlines Co.,"Salt Lake City, UT",1953,9,6,2204,-6,,71,56,,,
29-06-2022,Envoy Air,"Austin, TX",1037,11,4,1235,-10,,118,103,,,
11/3/2020,Delta Air Lines Inc.,"Salt Lake City, UT",1204,14,4,1418,-12,,254,236,,,
21-11-2022,SkyWest Airlines Inc.,"Devils Lake, ND",1657,37,3,1807,11,,70,30,,,
22-08-2019,American Airlines Inc.,"Fort Lauderdale, FL",1448,21,7,1702,59,,134,106,43,0,0
19-02-2019,Allegiant Air,"Portsmouth, NH",1637,13,5,1913,4,,156,138,,,
18-01-2023,Southwest Airlines Co.,"Chicago, IL",1903,11,8,2111,-4,,128,109,,,
10/6/2019,American Airlines Inc.,"Dallas/Fort Worth, TX",1402,8,8,1634,68,,92,76,12,0,56
21-07-2023,Delta Air Lines Inc.,"New York, NY",849,18,8,1126,33,,157,131,0,0,0
17-07-2022,Southwest Airlines Co.,"Savannah, GA",839,10,3,1011,-4,,92,79,,,
16-04-2022,Delta Air Lines Inc.,"Portland, OR",926,12,2,1103,-9,,217,203,,,
22-10-2019,Southwest Airlines Co.,"Houston, TX",1045,11,2,1209,-6,,84,71,,,
14-11-2022,Envoy Air,"Cedar Rapids/Iowa City, IA",1247,27,3,1400,-12,,73,43,,,
9/1/2020,Delta Air Lines Inc.,"St. Louis, MO",1249,25,8,1429,1,,100,67,,,
13-02-2020,American Airlines Inc.,"Chicago, IL",,,,,,C,,,,,
17-10-2022,American Airlines Inc.,"Charlotte, NC",957,14,14,1148,-26,,111,83,,,
6/5/2023,Southwest Airlines Co.,"Pittsburgh, PA",2141,10,3,2234,14,,53,40,,,
30-07-2019,Southwest Airlines Co.,"Orlando, FL",1021,12,10,1626,26,,245,223,0,0,0
1/3/2022,Alaska Airlines Inc.,"San Francisco, CA",2150,30,4,10,11,,140,106,,,
19-05-2019,American Airlines Inc.,"Dallas/Fort Worth, TX",2042,13,10,50,-5,,128,105,,,
10/5/2021,Allegiant Air,"Asheville, NC",1513,11,17,1707,5,,114,86,,,
15-08-2022,Southwest Airlines Co.,"Long Beach, CA",1738,10,3,1857,-8,,79,66,,,
21-07-2019,American Airlines Inc.,"Dallas/Fort Worth, TX",658,22,12,906,-20,,188,154,,,
20-12-2019,Alaska Airlines Inc.,"San Diego, CA",609,25,2,746,-8,,97,70,,,
23-02-2019,United Air Lines Inc.,"Los Angeles, CA",1432,15,16,2138,-4,,306,275,,,
29-10-2022,United Air Lines Inc.,"Newark, NJ",951,13,6,1211,-19,,140,121,,,
1/8/2019,SkyWest Airlines Inc.,"Detroit, MI",1308,7,18,1526,-6,,78,53,,,
16-05-2019,JetBlue Airways,"Richmond, VA",1811,11,3,1938,-14,,87,73,,,
22-10-2020,Endeavor Air Inc.,"Columbus, OH",806,19,6,1059,4,,113,88,,,
13-03-2023,SkyWest Airlines Inc.,"Salt Lake City, UT",1708,25,6,1949,-4,,221,190,,,
16-10-2020,Delta Air Lines Inc.,"Philadelphia, PA",808,21,3,958,-10,,110,86,,,
26-11-2019,American Airlines Inc.,"Seattle, WA",1437,11,8,1636,-20,,179,160,,,
7/3/2022,American Airlines Inc.,"Miami, FL",1422,17,10,1618,0,,116,89,,,
26-08-2023,American Airlines Inc.,"Dallas/Fort Worth, TX",1155,17,17,1352,-8,,177,143,,,
10/11/2021,American Airlines Inc.,"Chicago, IL",1524,34,18,1719,2,,175,123,,,
2/1/2022,Mesa Airlines Inc.,"Savannah, GA",1625,21,7,1948,119,,143,115,119,0,0
9/10/2022,American Airlines Inc.,"Boston, MA",1034,16,4,1146,-16,,72,52,,,
29-01-2022,Southwest Airlines Co.,"Tampa, FL",1636,10,7,1939,-11,,123,106,,,
11/11/2022,Southwest Airlines Co.,"Baltimore, MD",529,12,7,643,-12,,74,55,,,
28-08-2019,Southwest Airlines Co.,"St. Louis, MO",828,9,4,932,-13,,64,51,,,
12/9/2020,Southwest Airlines Co.,"Pensacola, FL",1641,12,4,1816,31,,95,79,31,0,0
16-03-2020,Delta Air Lines Inc.,"Cleveland, OH",2240,17,6,17,-14,,97,74,,,
5/10/2022,Delta Air Lines Inc.,"Myrtle Beach, SC",1523,13,3,1626,1,,63,47,,,
13-02-2019,Envoy Air,"Chicago, IL",826,7,11,930,-20,,64,46,,,
9/1/2020,American Airlines Inc.,"Miami, FL",1057,16,4,1350,-34,,173,153,,,
19-08-2019,Delta Air Lines Inc.,"New York, NY",1044,11,47,1656,8,,252,194,,,
2/3/2020,Southwest Airlines Co.,"Nashville, TN",707,28,9,905,-15,,178,141,,,
21-01-2021,Delta Air Lines Inc.,"Washington, DC",1538,11,3,1648,-26,,70,56,,,
7/6/2022,Southwest Airlines Co.,"Albuquerque, NM",2229,7,4,27,-8,,58,47,,,
17-08-2019,JetBlue Airways,"Orlando, FL",1256,15,8,1529,37,,153,130,0,0,0
16-10-2021,Republic Airline,"Fayetteville, AR",1935,25,8,2124,-17,,109,76,,,
16-06-2021,Delta Air Lines Inc.,"Jacksonville, FL",2043,11,5,2145,-14,,62,46,,,
4/7/2023,Hawaiian Airlines Inc.,"Kona, HI",807,12,5,854,-2,,47,30,,,
16-11-2021,Delta Air Lines Inc.,"Atlanta, GA",2325,11,5,631,-8,,246,230,,,
13-12-2019,United Air Lines Inc.,"Newark, NJ",1724,29,33,2022,11,,178,116,,,
5/5/2022,Southwest Airlines Co.,"Nashville, TN",2058,11,7,19,14,,141,123,,,
9/8/2022,PSA Airlines Inc.,"Washington, DC",529,8,6,640,-19,,71,57,,,
21-08-2020,SkyWest Airlines Inc.,"Yuma, AZ",1907,22,7,1948,-13,,161,132,,,
13-04-2022,Southwest Airlines Co.,"Jacksonville, FL",47,7,4,230,180,,103,92,60,0,120
21-01-2023,Southwest Airlines Co.,"Las Vegas, NV",1550,10,7,1659,-11,,69,52,,,
8/5/2023,Delta Air Lines Inc.,"Los Angeles, CA",2038,14,9,2312,67,,154,131,10,0,57
24-06-2019,SkyWest Airlines Inc.,"Detroit, MI",556,20,13,732,-1,,96,63,,,
26-11-2021,United Air Lines Inc.,"Tampa, FL",1849,26,5,2139,-19,,170,139,,,
23-01-2019,SkyWest Airlines Inc.,"Flagstaff, AZ",1805,15,5,1851,-6,,46,26,,,
23-01-2020,Envoy Air,"Pittsburgh, PA",1458,18,7,1830,-10,,152,127,,,
8/11/2021,JetBlue Airways,"Austin, TX",1047,21,5,1330,-31,,223,197,,,
29-09-2020,Alaska Airlines Inc.,"Juneau, AK",1824,5,4,1906,-9,,42,33,,,
23-11-2022,Southwest Airlines Co.,"Santa Ana, CA",2038,12,7,2139,-41,,121,102,,,
1/1/2020,Republic Airline,"New York, NY",1927,12,19,2107,-22,,100,69,,,
6/10/2019,Southwest Airlines Co.,"Burbank, CA",657,16,3,806,-9,,69,50,,,
19-10-2020,United Air Lines Inc.,"Chicago, IL",1110,11,13,1247,-2,,157,133,,,
28-03-2020,SkyWest Airlines Inc.,"West Palm Beach/Palm Beach, FL",,,,,,D,,,,,
17-06-2022,Southwest Airlines Co.,"Denver, CO",529,11,15,656,-4,,147,121,,,
3/9/2021,Southwest Airlines Co.,"Santa Ana, CA",1316,10,4,1433,23,,77,63,20,0,3
24-01-2020,Spirit Air Lines,"Fort Lauderdale, FL",715,18,11,821,10,,66,37,,,
27-07-2022,Southwest Airlines Co.,"Las Vegas, NV",1220,7,30,1340,15,,80,43,0,0,0
19-11-2022,Republic Airline,"Nashville, TN",1051,21,7,1242,6,,171,143,,,
27-07-2019,United Air Lines Inc.,"Kansas City, MO",1739,16,4,1859,-28,,140,120,,,
19-01-2022,PSA Airlines Inc.,"White Plains, NY",1134,32,4,1337,33,,123,87,33,0,0
25-10-2021,Delta Air Lines Inc.,"Las Vegas, NV",1743,47,9,1847,42,,124,68,0,0,0
1/12/2019,SkyWest Airlines Inc.,"Atlanta, GA",935,9,6,1119,109,,44,29,109,0,0
7/11/2022,American Airlines Inc.,"Las Vegas, NV",1909,15,12,2002,3,,173,146,,,
4/10/2022,Hawaiian Airlines Inc.,"Oakland, CA",1451,11,7,2248,8,,297,279,,,
13-01-2019,Southwest Airlines Co.,"Fort Myers, FL",1635,25,3,1913,73,,158,130,0,68,5
29-07-2019,American Airlines Inc.,"Charlotte, NC",1937,9,13,2211,26,,94,72,0,0,26
9/12/2020,Southwest Airlines Co.,"San Jose, CA",1623,9,2,1726,-14,,63,52,,,
15-11-2019,Alaska Airlines Inc.,"Seattle, WA",1849,12,6,2113,-22,,264,246,,,
29-04-2020,American Airlines Inc.,"Dallas/Fort Worth, TX",1436,7,4,1919,-24,,163,152,,,
27-11-2019,United Air Lines Inc.,"Boston, MA",2256,24,6,650,-34,,294,264,,,
8/11/2021,Alaska Airlines Inc.,"Seattle, WA",1154,9,12,1253,-36,,119,98,,,
20-09-2019,United Air Lines Inc.,"Denver, CO",459,17,7,823,-7,,144,120,,,
9/9/2020,Delta Air Lines Inc.,"Atlanta, GA",1801,15,9,2044,-5,,163,139,,,
16-09-2019,Spirit Air Lines,"Los Angeles, CA",1031,43,7,1306,-4,,275,225,,,
23-05-2023,Southwest Airlines Co.,"Oakland, CA",1714,11,5,1828,-2,,74,58,,,
10/4/2021,Envoy Air,"Chicago, IL",1126,11,12,1138,7,,72,49,,,
31-01-2023,JetBlue Airways,"New York, NY",854,65,7,1054,90,,120,48,54,0,0
17-01-2023,Delta Air Lines Inc.,"Salt Lake City, UT",1321,17,6,1603,-6,,102,79,,,
20-04-2019,SkyWest Airlines Inc.,"Roswell, NM",2220,21,5,2250,-13,,90,64,,,
3/3/2022,Southwest Airlines Co.,"Atlanta, GA",750,16,5,951,-14,,61,40,,,
8/5/2019,Southwest Airlines Co.,"Seattle, WA",1554,7,6,1739,14,,105,92,,,
22-08-2022,Delta Air Lines Inc.,"San Francisco, CA",2113,12,8,2253,-19,,220,200,,,
23-10-2022,Southwest Airlines Co.,"Kansas City, MO",829,13,5,958,-2,,89,71,,,
28-06-2021,Delta Air Lines Inc.,"Miami, FL",906,10,9,1102,10,,116,97,,,
30-07-2022,SkyWest Airlines Inc.,"Lexington, KY",1041,19,4,1253,-17,,72,49,,,
3/6/2021,Allegiant Air,"Valparaiso, FL",1050,9,34,1318,15,,148,105,0,0,0
4/1/2019,American Airlines Inc.,"Charlotte, NC",1531,11,13,1714,-6,,103,79,,,
18-08-2022,Southwest Airlines Co.,"Atlanta, GA",1819,9,9,2121,26,,122,104,5,0,21
9/1/2020,ExpressJet Airlines LLC d/b/a aha!,"Houston, TX",1824,19,7,2024,-6,,180,154,,,
12/4/2022,Southwest Airlines Co.,"Tampa, FL",1921,11,6,2013,-12,,52,35,,,
25-02-2020,Delta Air Lines Inc.,"Detroit, MI",530,14,7,738,-28,,128,107,,,
26-01-2019,Southwest Airlines Co.,"West Palm Beach/Palm Beach, FL",1830,7,5,2132,-3,,182,170,,,
5/12/2019,SkyWest Airlines Inc.,"Chicago, IL",1507,39,16,1708,7,,121,66,,,
24-08-2019,Republic Airline,"Raleigh/Durham, NC",1000,39,6,1159,15,,119,74,0,0,0
2/1/2019,Allegiant Air,"Knoxville, TN",2114,10,7,2243,-5,,89,72,,,
17-10-2021,Delta Air Lines Inc.,"Chicago, IL",1121,17,12,1711,-10,,230,201,,,
13-05-2023,Delta Air Lines Inc.,"Atlanta, GA",720,15,10,1106,16,,226,201,16,0,0
25-09-2021,American Airlines Inc.,"Omaha, NE",1451,13,5,1632,-16,,101,83,,,
25-03-2019,ExpressJet Airlines LLC d/b/a aha!,"Houston, TX",530,13,7,623,-22,,53,33,,,
21-08-2022,American Airlines Inc.,"Pittsburgh, PA",2308,17,12,137,160,,89,60,130,0,23
17-06-2022,American Airlines Inc.,"Washington, DC",603,17,9,845,-10,,102,76,,,
24-07-2023,JetBlue Airways,"Fort Lauderdale, FL",1320,12,4,1546,18,,146,130,3,0,15
30-03-2019,American Airlines Inc.,"Phoenix, AZ",2054,15,11,2129,14,,155,129,,,
1/6/2020,Delta Air Lines Inc.,"Atlanta, GA",1314,11,8,2008,-16,,234,215,,,
26-12-2021,Southwest Airlines Co.,"Oakland, CA",1809,25,4,1953,98,,104,75,6,0,78
6/12/2022,Southwest Airlines Co.,"West Palm Beach/Palm Beach, FL",1100,13,4,1309,-31,,129,112,,,
22-09-2022,American Airlines Inc.,"Orlando, FL",2043,15,6,9,0,,146,125,,,
20-01-2021,Hawaiian Airlines Inc.,"Honolulu, HI",757,16,4,1129,-21,,392,372,,,
11/5/2019,Delta Air Lines Inc.,"Salt Lake City, UT",1305,9,5,1546,-30,,101,87,,,
1/12/2022,American Airlines Inc.,"Savannah, GA",1428,19,5,1529,55,,61,37,0,0,55
20-07-2019,SkyWest Airlines Inc.,"Chicago, IL",1215,26,29,1651,51,,216,161,0,0,0
4/5/2021,Southwest Airlines Co.,"Austin, TX",1830,15,4,2259,154,,149,130,4,0,150
6/4/2021,SkyWest Airlines Inc.,"Gillette, WY",2044,17,6,2153,19,,69,46,19,0,0
16-05-2021,Alaska Airlines Inc.,"Seattle, WA",831,15,22,1126,0,,175,138,,,
25-03-2019,ExpressJet Airlines LLC d/b/a aha!,"Houston, TX",1407,17,8,1534,-6,,87,62,,,
24-07-2021,Endeavor Air Inc.,"Knoxville, TN",1556,12,3,1643,-16,,47,32,,,
8/7/2021,SkyWest Airlines Inc.,"Denver, CO",1902,9,16,1941,-13,,99,74,,,
13-06-2021,American Airlines Inc.,"Phoenix, AZ",724,15,37,952,-3,,328,276,,,
23-03-2020,Delta Air Lines Inc.,"Albuquerque, NM",,,,,,A,,,,,
30-01-2019,Hawaiian Airlines Inc.,"Kahului, HI",956,17,6,1329,-51,,333,310,,,
10/8/2019,ExpressJet Airlines LLC d/b/a aha!,"Flint, MI",1216,22,7,1421,35,,65,36,35,0,0
13-08-2023,American Airlines Inc.,"Charlotte, NC",1804,12,13,1929,-11,,85,60,,,
9/5/2019,JetBlue Airways,"Charleston, SC",2104,45,5,2329,7,,145,95,,,
14-08-2019,American Airlines Inc.,"Dallas/Fort Worth, TX",1908,15,12,2125,-8,,197,170,,,
10/6/2019,American Airlines Inc.,"Valparaiso, FL",2001,10,10,2144,61,,103,83,20,0,41
9/8/2023,Republic Airline,"Newark, NJ",1957,17,23,2145,-14,,108,68,,,
24-03-2020,Southwest Airlines Co.,"Oakland, CA",915,9,5,1035,-15,,80,66,,,
22-03-2022,Endeavor Air Inc.,"Traverse City, MI",1226,14,6,1328,-9,,62,42,,,
14-06-2022,Republic Airline,"New York, NY",1600,19,9,1944,-15,,164,136,,,
3/4/2022,Frontier Airlines Inc.,"Phoenix, AZ",1017,17,5,1134,-24,,77,55,,,
5/6/2023,Southwest Airlines Co.,"Oakland, CA",1129,13,5,1239,-6,,70,52,,,
27-01-2023,United Air Lines Inc.,"San Antonio, TX",940,17,2,1238,-14,,118,99,,,
1/10/2021,Republic Airline,"Raleigh/Durham, NC",1056,11,10,1230,-21,,94,73,,,
7/10/2021,Southwest Airlines Co.,"Long Beach, CA",653,12,6,753,-12,,60,42,,,
27-07-2020,PSA Airlines Inc.,"Jacksonville/Camp Lejeune, NC",1427,21,6,1534,3,,67,40,,,
12/7/2019,United Air Lines Inc.,"San Francisco, CA",1740,10,3,1936,-28,,236,223,,,
3/7/2019,Alaska Airlines Inc.,"Los Angeles, CA",1939,31,9,2226,21,,287,247,0,0,9
15-06-2020,Southwest Airlines Co.,"Phoenix, AZ",1344,15,6,1632,-13,,168,147,,,
6/11/2019,Envoy Air,"Dallas/Fort Worth, TX",1633,27,5,1811,-1,,158,126,,,
12/2/2022,SkyWest Airlines Inc.,"Detroit, MI",1020,35,5,1125,-4,,65,25,,,
6/3/2019,Southwest Airlines Co.,"Washington, DC",2033,11,4,2205,-10,,92,77,,,
23-12-2022,SkyWest Airlines Inc.,"Palm Springs, CA",948,22,10,1127,0,,219,187,,,
16-04-2019,American Airlines Inc.,"Phoenix, AZ",657,12,30,855,0,,298,256,,,
15-03-2019,Southwest Airlines Co.,"Las Vegas, NV",1226,6,18,1436,1,,130,106,,,
21-08-2023,Endeavor Air Inc.,"New York, NY",835,12,6,1003,-20,,88,70,,,
6/1/2020,Frontier Airlines Inc.,"Detroit, MI",1858,20,10,145,-11,,227,197,,,
4/1/2023,Spirit Air Lines,"Orlando, FL",533,9,11,800,-14,,147,127,,,
14-10-2019,United Air Lines Inc.,"San Francisco, CA",2142,16,6,2344,0,,242,220,,,
13-04-2020,Southwest Airlines Co.,"Denver, CO",,,,,,D,,,,,
3/7/2021,JetBlue Airways,"Fort Lauderdale, FL",1306,15,11,2116,-7,,310,284,,,
25-05-2021,SkyWest Airlines Inc.,"Denver, CO",528,11,8,845,-13,,137,118,,,
11/7/2022,Delta Air Lines Inc.,"Portland, OR",1832,11,3,1949,-23,,197,183,,,
14-01-2020,American Airlines Inc.,"New York, NY",954,10,7,1102,-22,,68,51,,,
25-05-2019,Delta Air Lines Inc.,"Los Angeles, CA",1140,13,9,1330,-7,,230,208,,,
18-03-2019,SkyWest Airlines Inc.,"Spokane, WA",837,19,4,917,-22,,100,77,,,
27-07-2020,Southwest Airlines Co.,"Denver, CO",1952,7,7,2046,86,,174,160,0,86,0
21-04-2019,Delta Air Lines Inc.,"New Orleans, LA",1009,12,4,1233,-25,,144,128,,,
30-03-2021,Delta Air Lines Inc.,"New York, NY",1240,11,3,1605,-17,,145,131,,,
3/5/2021,Republic Airline,"Hilton Head, SC",1758,18,21,1918,162,,80,41,0,0,158
20-03-2019,SkyWest Airlines Inc.,"Minneapolis, MN",502,12,7,559,-20,,57,38,,,
22-11-2022,Hawaiian Airlines Inc.,"Honolulu, HI",1716,17,7,2040,-30,,324,300,,,
20-03-2019,Southwest Airlines Co.,"San Jose, CA",1445,23,2,1608,13,,83,58,,,
1/2/2020,JetBlue Airways,"Newark, NJ",1952,12,8,2058,-36,,66,46,,,
4/10/2021,Delta Air Lines Inc.,"Salt Lake City, UT",1006,23,5,1244,-5,,98,70,,,
5/3/2019,Southwest Airlines Co.,"Tulsa, OK",1048,12,4,1309,-16,,81,65,,,
14-07-2022,Southwest Airlines Co.,"San Jose, CA",622,17,48,823,23,,121,56,0,0,0
17-02-2020,Southwest Airlines Co.,"San Francisco, CA",1435,7,3,1525,10,,110,100,,,
22-03-2023,United Air Lines Inc.,"Seattle, WA",1547,17,7,1813,-19,,266,242,,,
12/8/2019,Southwest Airlines Co.,"Las Vegas, NV",2115,10,6,2236,-4,,81,65,,,
6/6/2023,American Airlines Inc.,"Jackson, WY",907,16,3,1047,-17,,160,141,,,
10/6/2022,United Air Lines Inc.,"Newark, NJ",1338,14,13,1618,33,,160,133,0,19,14
14-04-2022,Southwest Airlines Co.,"Las Vegas, NV",1808,13,4,1906,-9,,58,41,,,
29-12-2019,United Air Lines Inc.,"San Diego, CA",904,23,2,1037,-8,,93,68,,,
7/1/2019,Hawaiian Airlines Inc.,"Kona, HI",823,11,5,906,-11,,43,27,,,
5/1/2020,Spirit Air Lines,"Atlantic City, NJ",2144,12,4,6,33,,142,126,33,0,0
18-10-2022,American Airlines Inc.,"Dallas/Fort Worth, TX",518,14,9,740,13,,142,119,,,
14-07-2021,Southwest Airlines Co.,"Albuquerque, NM",1632,42,5,1932,102,,120,73,21,0,51
2/8/2020,American Airlines Inc.,"Washington, DC",1152,15,3,1325,-9,,93,75,,,
30-05-2022,Envoy Air,"Wichita, KS",1538,12,9,1729,24,,111,90,24,0,0
22-12-2019,Southwest Airlines Co.,"Orlando, FL",1421,25,12,2008,28,,227,190,6,0,0
16-01-2021,SkyWest Airlines Inc.,"Eugene, OR",1107,12,2,1202,-17,,115,101,,,
27-05-2021,Southwest Airlines Co.,"Louisville, KY",946,11,4,1621,6,,215,200,,,
9/10/2021,Mesa Airlines Inc.,"Houston, TX",1235,12,48,1834,-10,,239,179,,,
25-01-2021,American Airlines Inc.,"Dallas/Fort Worth, TX",821,15,9,1254,-34,,153,129,,,
18-08-2019,Southwest Airlines Co.,"Houston, TX",1737,9,4,1857,7,,80,67,,,
16-11-2020,Southwest Airlines Co.,"Dallas, TX",1108,10,3,1558,-12,,170,157,,,
27-02-2023,JetBlue Airways,"New York, NY",1027,17,5,1325,15,,118,96,0,0,0
18-03-2020,Spirit Air Lines,"Dallas/Fort Worth, TX",1835,15,11,2019,-22,,164,138,,,
17-08-2023,American Airlines Inc.,"Chicago, IL",1642,13,17,1929,-8,,167,137,,,
14-04-2019,JetBlue Airways,"New York, NY",2225,19,6,658,53,,333,308,0,0,51
3/8/2022,Southwest Airlines Co.,"Atlanta, GA",740,10,6,901,-19,,81,65,,,
14-06-2022,Endeavor Air Inc.,"Knoxville, TN",905,53,5,1140,19,,155,97,0,0,0
8/3/2020,Delta Air Lines Inc.,"Honolulu, HI",1130,12,5,1447,-46,,497,480,,,
29-07-2023,American Airlines Inc.,"Sioux Falls, SD",1026,15,5,1230,-12,,124,104,,,
12/1/2019,Alaska Airlines Inc.,"Anchorage, AK",1936,15,5,2156,-24,,200,180,,,
29-08-2023,United Air Lines Inc.,"Portland, OR",2055,21,4,2246,2,,171,146,,,
9/4/2022,United Air Lines Inc.,"Houston, TX",1354,10,6,1934,34,,220,204,0,0,34
4/11/2021,Alaska Airlines Inc.,"Seattle, WA",1455,15,22,1706,1,,251,214,,,
25-01-2021,Southwest Airlines Co.,"Fort Lauderdale, FL",1228,7,4,1534,-6,,186,175,,,
20-08-2021,SkyWest Airlines Inc.,"San Francisco, CA",1901,15,3,2025,-10,,84,66,,,
25-07-2022,Alaska Airlines Inc.,"Seattle, WA",1936,22,19,2234,7,,178,137,,,
23-08-2020,Envoy Air,"Little Rock, AR",2025,10,5,2132,-13,,67,52,,,
15-03-2021,United Air Lines Inc.,"Chicago, IL",2334,14,10,536,-16,,242,218,,,
21-05-2020,PSA Airlines Inc.,"Charlotte, NC",1139,8,8,1244,29,,65,49,0,0,29
30-10-2021,SkyWest Airlines Inc.,"Seattle, WA",1800,11,7,1900,15,,60,42,0,15,0
3/3/2020,JetBlue Airways,"New York, NY",1543,12,2,1830,-13,,167,153,,,
26-04-2023,United Air Lines Inc.,"Fort Lauderdale, FL",924,12,3,1204,9,,160,145,,,
1/11/2019,Endeavor Air Inc.,"Atlanta, GA",712,68,5,1035,28,,143,70,0,0,0
19-04-2021,American Airlines Inc.,"Charlotte, NC",616,13,6,820,-4,,124,105,,,
31-12-2021,Delta Air Lines Inc.,"Austin, TX",857,12,6,1022,-5,,145,127,,,
4/10/2021,Envoy Air,"Phoenix, AZ",715,10,3,658,-15,,103,90,,,
15-03-2019,Frontier Airlines Inc.,"Raleigh/Durham, NC",2007,11,12,2139,89,,92,69,8,0,79
20-09-2021,American Airlines Inc.,"Dallas/Fort Worth, TX",556,11,6,656,-17,,60,43,,,
17-07-2022,PSA Airlines Inc.,"Charlotte, NC",1800,11,12,2056,79,,116,93,34,0,45
23-04-2022,United Air Lines Inc.,"Milwaukee, WI",1735,12,4,2037,-20,,122,106,,,
5/12/2021,Southwest Airlines Co.,"Tucson, AZ",900,9,3,1022,-18,,142,130,,,
24-11-2022,Delta Air Lines Inc.,"Detroit, MI",1207,15,8,1907,-12,,240,217,,,
22-11-2022,SkyWest Airlines Inc.,"Sacramento, CA",1952,10,4,2109,-12,,77,63,,,
2/8/2020,PSA Airlines Inc.,"Charlotte, NC",617,14,11,805,-8,,108,83,,,
13-03-2021,Delta Air Lines Inc.,"Seattle, WA",1627,15,5,1828,3,,301,281,,,
24-02-2022,Delta Air Lines Inc.,"Seattle, WA",555,22,10,1033,-4,,218,186,,,
25-01-2020,Endeavor Air Inc.,"Columbus, OH",836,16,4,1123,-17,,107,87,,,
19-02-2022,Delta Air Lines Inc.,"Phoenix, AZ",1547,14,4,1753,-10,,246,228,,,
20-03-2022,United Air Lines Inc.,"Fort Myers, FL",746,14,5,1308,-18,,202,183,,,
12/9/2021,United Air Lines Inc.,"Chicago, IL",553,14,9,610,-23,,77,54,,,
31-10-2022,Endeavor Air Inc.,"New York, NY",524,9,10,643,-17,,79,60,,,
7/6/2021,Southwest Airlines Co.,"Long Beach, CA",2014,11,4,2128,8,,74,59,,,
18-03-2019,Delta Air Lines Inc.,"Los Angeles, CA",926,14,12,1020,-19,,114,88,,,
6/2/2019,Southwest Airlines Co.,"Nashville, TN",1807,9,7,2004,-6,,117,101,,,
5/3/2021,SkyWest Airlines Inc.,"Detroit, MI",1729,12,14,1945,-10,,76,50,,,
9/2/2020,Frontier Airlines Inc.,"Buffalo, NY",1731,14,10,2007,33,,156,132,0,0,33
16-10-2022,PSA Airlines Inc.,"Charlotte, NC",2004,16,27,2154,6,,110,67,,,
25-07-2019,PSA Airlines Inc.,"Providence, RI",1252,14,3,1403,-15,,71,54,,,
15-03-2020,American Airlines Inc.,"Philadelphia, PA",,,,,,D,,,,,
28-07-2022,Spirit Air Lines,"Pittsburgh, PA",1049,11,12,1207,-15,,78,55,,,
23-01-2022,PSA Airlines Inc.,"Nashville, TN",1552,14,29,1717,-2,,145,102,,,
23-04-2020,Southwest Airlines Co.,"Fort Lauderdale, FL",1131,16,5,1422,2,,171,150,,,
8/6/2022,Delta Air Lines Inc.,"Birmingham, AL",1454,12,3,1442,-7,,48,33,,,
10/8/2022,Republic Airline,"Cleveland, OH",1003,26,5,1224,4,,81,50,,,
21-01-2020,Hawaiian Airlines Inc.,"Kona, HI",745,13,5,830,-10,,45,27,,,
28-11-2020,SkyWest Airlines Inc.,"Los Angeles, CA",1221,11,6,1334,-22,,73,56,,,
19-03-2019,Southwest Airlines Co.,"Baltimore, MD",2109,9,3,2335,-20,,86,74,,,
12/7/2020,Republic Airline,"Newark, NJ",759,9,7,912,-19,,73,57,,,
21-02-2019,United Air Lines Inc.,"Newark, NJ",855,13,9,1010,-18,,75,53,,,
14-05-2019,Alaska Airlines Inc.,"Seattle, WA",827,11,10,1028,-12,,121,100,,,
11/6/2021,Southwest Airlines Co.,"Phoenix, AZ",1416,12,4,1525,-5,,69,53,,,
26-07-2020,SkyWest Airlines Inc.,"Los Angeles, CA",1330,13,5,1512,-21,,162,144,,,
11/4/2019,Delta Air Lines Inc.,"Kansas City, MO",,,,,,A,,,,,
9/5/2019,Endeavor Air Inc.,"Des Moines, IA",1109,18,3,1212,-11,,63,42,,,
27-01-2022,Horizon Air,"Seattle, WA",900,18,7,951,1,,111,86,,,
2/9/2022,American Airlines Inc.,"Miami, FL",554,16,7,848,-15,,174,151,,,
22-11-2021,SkyWest Airlines Inc.,"Detroit, MI",1023,17,6,1314,-1,,111,88,,,
21-07-2023,United Air Lines Inc.,"Seattle, WA",1615,17,9,1805,-9,,170,144,,,
17-05-2021,Southwest Airlines Co.,"Colorado Springs, CO",1125,9,6,1416,1,,111,96,,,
6/4/2022,SkyWest Airlines Inc.,"Portland, OR",1008,14,3,1225,-11,,137,120,,,
16-03-2020,Alaska Airlines Inc.,"Fairbanks, AK",1132,12,3,1253,8,,81,66,,,
13-10-2019,Envoy Air,"Chicago, IL",944,11,15,1038,-16,,54,28,,,
5/6/2023,SkyWest Airlines Inc.,"Minot, ND",1948,21,5,2120,-10,,92,66,,,
23-04-2023,Spirit Air Lines,"Baltimore, MD",1324,12,4,1459,2,,95,79,,,
29-04-2022,PSA Airlines Inc.,"Dayton, OH",1613,28,6,1751,-1,,98,64,,,
12/11/2019,Alaska Airlines Inc.,"Seattle, WA",1524,20,28,1750,26,,326,278,9,0,0
4/1/2023,Delta Air Lines Inc.,"Austin, TX",825,67,5,1154,86,,209,137,55,0,0
20-01-2021,Spirit Air Lines,"Detroit, MI",1904,12,9,2141,-2,,157,136,,,
12/4/2020,Southwest Airlines Co.,"Spokane, WA",,,,,,D,,,,,
26-07-2023,Delta Air Lines Inc.,"Detroit, MI",1238,17,5,1402,0,,84,62,,,
28-08-2019,Southwest Airlines Co.,"Omaha, NE",1544,17,3,1713,43,,89,69,39,0,0
27-10-2021,American Airlines Inc.,"Dallas/Fort Worth, TX",744,12,17,953,-5,,189,160,,,
11/12/2021,Delta Air Lines Inc.,"Columbus, OH",1122,15,7,1251,-1,,89,67,,,
4/5/2023,United Air Lines Inc.,"Newark, NJ",1043,49,14,1419,18,,216,153,0,0,0
22-08-2019,American Airlines Inc.,"Dallas/Fort Worth, TX",1634,17,12,1751,-14,,137,108,,,
11/7/2023,United Air Lines Inc.,"San Antonio, TX",1841,10,2,2127,42,,106,94,10,0,32
26-07-2019,Southwest Airlines Co.,"Burbank, CA",1044,9,3,1145,-25,,61,49,,,
22-08-2023,Delta Air Lines Inc.,"Boise, ID",2253,20,6,2,-12,,69,43,,,
3/2/2019,Delta Air Lines Inc.,"Atlanta, GA",1056,21,9,1739,-8,,223,193,,,
20-07-2019,Delta Air Lines Inc.,"Austin, TX",955,15,9,1331,-11,,156,132,,,
27-06-2022,Envoy Air,"Chicago, IL",1043,12,9,1151,-18,,68,47,,,
19-06-2022,Delta Air Lines Inc.,"Anchorage, AK",,,,,,A,,,,,
22-01-2021,Envoy Air,"Champaign/Urbana, IL",1231,21,4,1422,-23,,111,86,,,
16-09-2022,Endeavor Air Inc.,"New York, NY",916,27,8,1047,-6,,91,56,,,
15-12-2019,Delta Air Lines Inc.,"San Francisco, CA",1213,15,6,1559,42,,406,385,42,0,0
10/1/2020,Envoy Air,"Chicago, IL",1027,14,23,1106,-6,,99,62,,,
3/5/2019,Delta Air Lines Inc.,"Fort Lauderdale, FL",1150,19,4,1400,23,,130,107,23,0,0
30-06-2021,PSA Airlines Inc.,"Washington, DC",1153,12,7,1246,-11,,53,34,,,
1/6/2023,SkyWest Airlines Inc.,"Eagle, CO",1550,26,5,1644,276,,54,23,0,276,0
31-07-2021,Southwest Airlines Co.,"Phoenix, AZ",1622,10,9,1737,22,,75,56,7,0,15
4/3/2023,Southwest Airlines Co.,"Houston, TX",859,15,4,1221,6,,142,123,,,
27-08-2023,Alaska Airlines Inc.,"Austin, TX",1717,19,8,2245,-20,,208,181,,,
24-06-2021,United Air Lines Inc.,"Las Vegas, NV",2055,12,7,2141,62,,106,87,29,0,33
15-03-2021,SkyWest Airlines Inc.,"Salt Lake City, UT",556,18,20,858,0,,122,84,,,
14-10-2022,Frontier Airlines Inc.,"San Diego, CA",2022,18,4,2140,-8,,198,176,,,
13-06-2021,Endeavor Air Inc.,"Dayton, OH",2124,16,5,2224,7,,60,39,,,
5/4/2019,United Air Lines Inc.,"Seattle, WA",923,17,6,1109,-13,,166,143,,,
11/10/2022,Southwest Airlines Co.,"Denver, CO",1422,8,22,1545,10,,83,53,,,
4/11/2019,American Airlines Inc.,"Dallas/Fort Worth, TX",816,22,24,1117,1,,241,195,,,
9/6/2023,Republic Airline,"Louisville, KY",1145,12,24,1356,-12,,131,95,,,
2/7/2019,SkyWest Airlines Inc.,"Los Angeles, CA",610,14,22,732,-2,,202,166,,,
18-03-2020,Southwest Airlines Co.,"Denver, CO",1854,9,7,2103,-17,,249,233,,,
21-03-2022,Delta Air Lines Inc.,"Los Angeles, CA",1224,23,51,2143,63,,379,305,0,0,0
26-01-2020,Endeavor Air Inc.,"Atlanta, GA",1438,15,10,1659,-14,,81,56,,,
7/2/2023,Republic Airline,"Fayetteville, AR",1945,14,8,2141,-15,,176,154,,,
26-03-2022,Horizon Air,"Fairbanks, AK",,,,,,A,,,,,
22-04-2023,SkyWest Airlines Inc.,"Detroit, MI",1707,8,7,1912,-21,,65,50,,,
31-12-2022,Delta Air Lines Inc.,"Atlanta, GA",557,13,9,740,-9,,103,81,,,
12/11/2022,Delta Air Lines Inc.,"Seattle, WA",554,19,6,807,-42,,253,228,,,
13-04-2022,American Airlines Inc.,"Los Angeles, CA",559,16,6,910,-10,,371,349,,,
14-03-2021,Southwest Airlines Co.,"Austin, TX",909,14,3,1421,16,,192,175,16,0,0
6/1/2023,SkyWest Airlines Inc.,"San Francisco, CA",1719,23,10,1854,64,,155,122,0,0,0